workload,budget,requested_k,mean_gain_percent,std_gain_percent,min_gain_percent,max_gain_percent,unique_topologies,most_common_topology,topology_frequency
permutation,5,1,5.408272149753353,0.8904108679444872,4.066265060240964,6.367924528301887,2,5<->10,0.8
permutation,5,2,5.408272149753353,0.8904108679444872,4.066265060240964,6.367924528301887,2,5<->10,0.8
permutation,5,4,5.408272149753353,0.8904108679444872,4.066265060240964,6.367924528301887,2,5<->10,0.8
permutation,15,1,7.70461070384486,0.5175950311591694,6.724137931034483,8.176100628930818,5,11<->13,0.2
permutation,15,2,7.70461070384486,0.5175950311591694,6.724137931034483,8.176100628930818,5,11<->13,0.2
permutation,15,4,7.70461070384486,0.5175950311591694,6.724137931034483,8.176100628930818,5,11<->13,0.2
permutation,25,1,10.159096972845935,1.8647006458615547,6.810344827586207,11.635220125786164,5,1<->11,0.2
permutation,25,2,10.159096972845935,1.8647006458615547,6.810344827586207,11.635220125786164,5,1<->11,0.2
permutation,25,4,10.159096972845935,1.8647006458615547,6.810344827586207,11.635220125786164,5,1<->11,0.2
permutation,45,1,10.159096972845935,1.8647006458615547,6.810344827586207,11.635220125786164,5,1<->11,0.2
permutation,45,2,17.301648117700115,2.078878613306794,13.53448275862069,19.352409638554217,5,1<->11;8<->11,0.2
permutation,45,4,20.698426180719583,3.2046560821477037,17.093373493975903,25.451807228915662,5,1<->11;8<->11,0.2
hotspot,5,1,4.890977470077555,0.829215060967391,3.2458042617385967,5.417542518631721,3,5<->10,0.4
hotspot,5,2,4.890977470077555,0.829215060967391,3.2458042617385967,5.417542518631721,3,5<->10,0.4
hotspot,5,4,4.890977470077555,0.829215060967391,3.2458042617385967,5.417542518631721,3,5<->10,0.4
hotspot,15,1,6.403171536631531,0.6676040361718795,5.270601546294519,7.244563733964145,4,4<->6,0.4
hotspot,15,2,6.403171536631531,0.6676040361718795,5.270601546294519,7.244563733964145,4,4<->6,0.4
hotspot,15,4,6.403171536631531,0.6676040361718795,5.270601546294519,7.244563733964145,4,4<->6,0.4
hotspot,25,1,8.791860717629476,1.6873594279499642,5.995427116726379,10.74288053862244,4,4<->11,0.4
hotspot,25,2,8.791860717629476,1.6873594279499642,5.995427116726379,10.74288053862244,4,4<->11,0.4
hotspot,25,4,8.791860717629476,1.6873594279499642,5.995427116726379,10.74288053862244,4,4<->11,0.4
hotspot,45,1,8.791860717629476,1.6873594279499642,5.995427116726379,10.74288053862244,4,4<->11,0.4
hotspot,45,2,13.218098952213127,1.216848839254715,11.66556666038089,14.843110272040672,5,0<->13;9<->11,0.2
hotspot,45,4,16.594440948518084,1.7168721287771815,14.23754828918319,19.245291602219904,5,0<->13;2<->5;5<->8;9<->11,0.2
