workload_family,workload,budget_mm,requested_k,policy,actual_k,link_1,link_2,link_3,link_4,total_wire_length_mm
synthetic,random_uniform,5,1,mesh,0,none,none,none,none,0.0
synthetic,random_uniform,5,1,fixed,1,5<->10,none,none,none,4.794441010848843
synthetic,random_uniform,5,1,workload_aware,1,5<->10,none,none,none,4.794441010848843
synthetic,random_uniform,15,1,mesh,0,none,none,none,none,0.0
synthetic,random_uniform,15,1,fixed,1,5<->7,none,none,none,11.536102527122114
synthetic,random_uniform,15,1,workload_aware,1,5<->7,none,none,none,11.536102527122114
synthetic,random_uniform,25,1,mesh,0,none,none,none,none,0.0
synthetic,random_uniform,25,1,fixed,1,1<->14,none,none,none,23.07220505424423
synthetic,random_uniform,25,1,workload_aware,1,1<->14,none,none,none,23.07220505424423
synthetic,random_uniform,45,1,mesh,0,none,none,none,none,0.0
synthetic,random_uniform,45,1,fixed,1,1<->14,none,none,none,23.07220505424423
synthetic,random_uniform,45,1,workload_aware,1,1<->14,none,none,none,23.07220505424423
synthetic,transpose,5,1,mesh,0,none,none,none,none,0.0
synthetic,transpose,5,1,fixed,1,5<->10,none,none,none,4.794441010848843
synthetic,transpose,5,1,workload_aware,1,1<->4,none,none,none,4.794441010848846
synthetic,transpose,15,1,mesh,0,none,none,none,none,0.0
synthetic,transpose,15,1,fixed,1,5<->7,none,none,none,11.536102527122114
synthetic,transpose,15,1,workload_aware,1,6<->13,none,none,none,13.933323032546536
synthetic,transpose,25,1,mesh,0,none,none,none,none,0.0
synthetic,transpose,25,1,fixed,1,1<->14,none,none,none,23.07220505424423
synthetic,transpose,25,1,workload_aware,1,7<->13,none,none,none,23.07220505424423
synthetic,transpose,45,1,mesh,0,none,none,none,none,0.0
synthetic,transpose,45,1,fixed,1,1<->14,none,none,none,23.07220505424423
synthetic,transpose,45,1,workload_aware,1,3<->12,none,none,none,41.349969097639615
synthetic,permutation,5,1,mesh,0,none,none,none,none,0.0
synthetic,permutation,5,1,fixed,1,5<->10,none,none,none,4.794441010848843
synthetic,permutation,5,1,workload_aware,1,5<->10,none,none,none,4.794441010848843
synthetic,permutation,15,1,mesh,0,none,none,none,none,0.0
synthetic,permutation,15,1,fixed,1,5<->7,none,none,none,11.536102527122114
synthetic,permutation,15,1,workload_aware,1,5<->14,none,none,none,13.933323032546536
synthetic,permutation,25,1,mesh,0,none,none,none,none,0.0
synthetic,permutation,25,1,fixed,1,1<->14,none,none,none,23.07220505424423
synthetic,permutation,25,1,workload_aware,1,4<->14,none,none,none,23.07220505424423
synthetic,permutation,45,1,mesh,0,none,none,none,none,0.0
synthetic,permutation,45,1,fixed,1,1<->14,none,none,none,23.07220505424423
synthetic,permutation,45,1,workload_aware,1,4<->14,none,none,none,23.07220505424423
synthetic,hotspot,5,1,mesh,0,none,none,none,none,0.0
synthetic,hotspot,5,1,fixed,1,5<->10,none,none,none,4.794441010848843
synthetic,hotspot,5,1,workload_aware,1,5<->10,none,none,none,4.794441010848843
synthetic,hotspot,15,1,mesh,0,none,none,none,none,0.0
synthetic,hotspot,15,1,fixed,1,5<->7,none,none,none,11.536102527122114
synthetic,hotspot,15,1,workload_aware,1,4<->6,none,none,none,11.536102527122116
synthetic,hotspot,25,1,mesh,0,none,none,none,none,0.0
synthetic,hotspot,25,1,fixed,1,1<->14,none,none,none,23.07220505424423
synthetic,hotspot,25,1,workload_aware,1,4<->11,none,none,none,23.07220505424423
synthetic,hotspot,45,1,mesh,0,none,none,none,none,0.0
synthetic,hotspot,45,1,fixed,1,1<->14,none,none,none,23.07220505424423
synthetic,hotspot,45,1,workload_aware,1,4<->11,none,none,none,23.07220505424423
synthetic,random_uniform,5,2,mesh,0,none,none,none,none,0.0
synthetic,random_uniform,5,2,fixed,1,5<->10,none,none,none,4.794441010848843
synthetic,random_uniform,5,2,workload_aware,1,5<->10,none,none,none,4.794441010848843
synthetic,random_uniform,15,2,mesh,0,none,none,none,none,0.0
synthetic,random_uniform,15,2,fixed,1,5<->7,none,none,none,11.536102527122114
synthetic,random_uniform,15,2,workload_aware,1,5<->7,none,none,none,11.536102527122114
synthetic,random_uniform,25,2,mesh,0,none,none,none,none,0.0
synthetic,random_uniform,25,2,fixed,1,1<->14,none,none,none,23.07220505424423
synthetic,random_uniform,25,2,workload_aware,1,1<->14,none,none,none,23.07220505424423
synthetic,random_uniform,45,2,mesh,0,none,none,none,none,0.0
synthetic,random_uniform,45,2,fixed,2,1<->14,8<->11,none,none,43.74718960306404
synthetic,random_uniform,45,2,workload_aware,2,1<->14,8<->11,none,none,43.74718960306404
synthetic,transpose,5,2,mesh,0,none,none,none,none,0.0
synthetic,transpose,5,2,fixed,1,5<->10,none,none,none,4.794441010848843
synthetic,transpose,5,2,workload_aware,1,1<->4,none,none,none,4.794441010848846
synthetic,transpose,15,2,mesh,0,none,none,none,none,0.0
synthetic,transpose,15,2,fixed,1,5<->7,none,none,none,11.536102527122114
synthetic,transpose,15,2,workload_aware,1,6<->13,none,none,none,13.933323032546536
synthetic,transpose,25,2,mesh,0,none,none,none,none,0.0
synthetic,transpose,25,2,fixed,1,1<->14,none,none,none,23.07220505424423
synthetic,transpose,25,2,workload_aware,1,7<->13,none,none,none,23.07220505424423
synthetic,transpose,45,2,mesh,0,none,none,none,none,0.0
synthetic,transpose,45,2,fixed,2,1<->14,8<->11,none,none,43.74718960306404
synthetic,transpose,45,2,workload_aware,1,3<->12,none,none,none,41.349969097639615
synthetic,permutation,5,2,mesh,0,none,none,none,none,0.0
synthetic,permutation,5,2,fixed,1,5<->10,none,none,none,4.794441010848843
synthetic,permutation,5,2,workload_aware,1,5<->10,none,none,none,4.794441010848843
synthetic,permutation,15,2,mesh,0,none,none,none,none,0.0
synthetic,permutation,15,2,fixed,1,5<->7,none,none,none,11.536102527122114
synthetic,permutation,15,2,workload_aware,1,5<->14,none,none,none,13.933323032546536
synthetic,permutation,25,2,mesh,0,none,none,none,none,0.0
synthetic,permutation,25,2,fixed,1,1<->14,none,none,none,23.07220505424423
synthetic,permutation,25,2,workload_aware,1,4<->14,none,none,none,23.07220505424423
synthetic,permutation,45,2,mesh,0,none,none,none,none,0.0
synthetic,permutation,45,2,fixed,2,1<->14,8<->11,none,none,43.74718960306404
synthetic,permutation,45,2,workload_aware,2,4<->14,6<->8,none,none,37.00552808679077
synthetic,hotspot,5,2,mesh,0,none,none,none,none,0.0
synthetic,hotspot,5,2,fixed,1,5<->10,none,none,none,4.794441010848843
synthetic,hotspot,5,2,workload_aware,1,5<->10,none,none,none,4.794441010848843
synthetic,hotspot,15,2,mesh,0,none,none,none,none,0.0
synthetic,hotspot,15,2,fixed,1,5<->7,none,none,none,11.536102527122114
synthetic,hotspot,15,2,workload_aware,1,4<->6,none,none,none,11.536102527122116
synthetic,hotspot,25,2,mesh,0,none,none,none,none,0.0
synthetic,hotspot,25,2,fixed,1,1<->14,none,none,none,23.07220505424423
synthetic,hotspot,25,2,workload_aware,1,4<->11,none,none,none,23.07220505424423
synthetic,hotspot,45,2,mesh,0,none,none,none,none,0.0
synthetic,hotspot,45,2,fixed,2,1<->14,8<->11,none,none,43.74718960306404
synthetic,hotspot,45,2,workload_aware,2,4<->11,3<->11,none,none,34.60830758136635
synthetic,random_uniform,5,4,mesh,0,none,none,none,none,0.0
synthetic,random_uniform,5,4,fixed,1,5<->10,none,none,none,4.794441010848843
synthetic,random_uniform,5,4,workload_aware,1,5<->10,none,none,none,4.794441010848843
synthetic,random_uniform,15,4,mesh,0,none,none,none,none,0.0
synthetic,random_uniform,15,4,fixed,1,5<->7,none,none,none,11.536102527122114
synthetic,random_uniform,15,4,workload_aware,1,5<->7,none,none,none,11.536102527122114
synthetic,random_uniform,25,4,mesh,0,none,none,none,none,0.0
synthetic,random_uniform,25,4,fixed,1,1<->14,none,none,none,23.07220505424423
synthetic,random_uniform,25,4,workload_aware,1,1<->14,none,none,none,23.07220505424423
synthetic,random_uniform,45,4,mesh,0,none,none,none,none,0.0
synthetic,random_uniform,45,4,fixed,2,1<->14,8<->11,none,none,43.74718960306404
synthetic,random_uniform,45,4,workload_aware,2,1<->14,8<->11,none,none,43.74718960306404
synthetic,transpose,5,4,mesh,0,none,none,none,none,0.0
synthetic,transpose,5,4,fixed,1,5<->10,none,none,none,4.794441010848843
synthetic,transpose,5,4,workload_aware,1,1<->4,none,none,none,4.794441010848846
synthetic,transpose,15,4,mesh,0,none,none,none,none,0.0
synthetic,transpose,15,4,fixed,1,5<->7,none,none,none,11.536102527122114
synthetic,transpose,15,4,workload_aware,1,6<->13,none,none,none,13.933323032546536
synthetic,transpose,25,4,mesh,0,none,none,none,none,0.0
synthetic,transpose,25,4,fixed,1,1<->14,none,none,none,23.07220505424423
synthetic,transpose,25,4,workload_aware,1,7<->13,none,none,none,23.07220505424423
synthetic,transpose,45,4,mesh,0,none,none,none,none,0.0
synthetic,transpose,45,4,fixed,2,1<->14,8<->11,none,none,43.74718960306404
synthetic,transpose,45,4,workload_aware,1,3<->12,none,none,none,41.349969097639615
synthetic,permutation,5,4,mesh,0,none,none,none,none,0.0
synthetic,permutation,5,4,fixed,1,5<->10,none,none,none,4.794441010848843
synthetic,permutation,5,4,workload_aware,1,5<->10,none,none,none,4.794441010848843
synthetic,permutation,15,4,mesh,0,none,none,none,none,0.0
synthetic,permutation,15,4,fixed,1,5<->7,none,none,none,11.536102527122114
synthetic,permutation,15,4,workload_aware,1,5<->14,none,none,none,13.933323032546536
synthetic,permutation,25,4,mesh,0,none,none,none,none,0.0
synthetic,permutation,25,4,fixed,1,1<->14,none,none,none,23.07220505424423
synthetic,permutation,25,4,workload_aware,1,4<->14,none,none,none,23.07220505424423
synthetic,permutation,45,4,mesh,0,none,none,none,none,0.0
synthetic,permutation,45,4,fixed,2,1<->14,8<->11,none,none,43.74718960306404
synthetic,permutation,45,4,workload_aware,3,4<->14,6<->8,2<->5,none,41.79996909763961
synthetic,hotspot,5,4,mesh,0,none,none,none,none,0.0
synthetic,hotspot,5,4,fixed,1,5<->10,none,none,none,4.794441010848843
synthetic,hotspot,5,4,workload_aware,1,5<->10,none,none,none,4.794441010848843
synthetic,hotspot,15,4,mesh,0,none,none,none,none,0.0
synthetic,hotspot,15,4,fixed,1,5<->7,none,none,none,11.536102527122114
synthetic,hotspot,15,4,workload_aware,1,4<->6,none,none,none,11.536102527122116
synthetic,hotspot,25,4,mesh,0,none,none,none,none,0.0
synthetic,hotspot,25,4,fixed,1,1<->14,none,none,none,23.07220505424423
synthetic,hotspot,25,4,workload_aware,1,4<->11,none,none,none,23.07220505424423
synthetic,hotspot,45,4,mesh,0,none,none,none,none,0.0
synthetic,hotspot,45,4,fixed,2,1<->14,8<->11,none,none,43.74718960306404
synthetic,hotspot,45,4,workload_aware,4,4<->11,3<->11,11<->14,1<->4,44.19718960306405
stage,gpt_fsdp,5,1,mesh,0,none,none,none,none,0.0
stage,gpt_fsdp,5,1,fixed,1,5<->10,none,none,none,4.794441010848843
stage,gpt_fsdp,5,1,workload_aware,1,8<->13,none,none,none,4.794441010848848
stage,gpt_fsdp,5,2,mesh,0,none,none,none,none,0.0
stage,gpt_fsdp,5,2,fixed,1,5<->10,none,none,none,4.794441010848843
stage,gpt_fsdp,5,2,workload_aware,1,8<->13,none,none,none,4.794441010848848
stage,gpt_fsdp,5,4,mesh,0,none,none,none,none,0.0
stage,gpt_fsdp,5,4,fixed,1,5<->10,none,none,none,4.794441010848843
stage,gpt_fsdp,5,4,workload_aware,1,8<->13,none,none,none,4.794441010848848
stage,gpt_fsdp,15,1,mesh,0,none,none,none,none,0.0
stage,gpt_fsdp,15,1,fixed,1,5<->7,none,none,none,11.536102527122114
stage,gpt_fsdp,15,1,workload_aware,1,4<->13,none,none,none,13.933323032546538
stage,gpt_fsdp,15,2,mesh,0,none,none,none,none,0.0
stage,gpt_fsdp,15,2,fixed,1,5<->7,none,none,none,11.536102527122114
stage,gpt_fsdp,15,2,workload_aware,1,4<->13,none,none,none,13.933323032546538
stage,gpt_fsdp,15,4,mesh,0,none,none,none,none,0.0
stage,gpt_fsdp,15,4,fixed,1,5<->7,none,none,none,11.536102527122114
stage,gpt_fsdp,15,4,workload_aware,1,4<->13,none,none,none,13.933323032546538
stage,gpt_fsdp,25,1,mesh,0,none,none,none,none,0.0
stage,gpt_fsdp,25,1,fixed,1,1<->14,none,none,none,23.07220505424423
stage,gpt_fsdp,25,1,workload_aware,1,12<->15,none,none,none,20.674984548819808
stage,gpt_fsdp,25,2,mesh,0,none,none,none,none,0.0
stage,gpt_fsdp,25,2,fixed,1,1<->14,none,none,none,23.07220505424423
stage,gpt_fsdp,25,2,workload_aware,1,12<->15,none,none,none,20.674984548819808
stage,gpt_fsdp,25,4,mesh,0,none,none,none,none,0.0
stage,gpt_fsdp,25,4,fixed,1,1<->14,none,none,none,23.07220505424423
stage,gpt_fsdp,25,4,workload_aware,1,12<->15,none,none,none,20.674984548819808
stage,gpt_fsdp,45,1,mesh,0,none,none,none,none,0.0
stage,gpt_fsdp,45,1,fixed,1,1<->14,none,none,none,23.07220505424423
stage,gpt_fsdp,45,1,workload_aware,1,0<->15,none,none,none,41.349969097639615
stage,gpt_fsdp,45,2,mesh,0,none,none,none,none,0.0
stage,gpt_fsdp,45,2,fixed,2,1<->14,8<->11,none,none,43.74718960306404
stage,gpt_fsdp,45,2,workload_aware,1,0<->15,none,none,none,41.349969097639615
stage,gpt_fsdp,45,4,mesh,0,none,none,none,none,0.0
stage,gpt_fsdp,45,4,fixed,2,1<->14,8<->11,none,none,43.74718960306404
stage,gpt_fsdp,45,4,workload_aware,1,0<->15,none,none,none,41.349969097639615
stage,gpt_pipeline,5,1,mesh,0,none,none,none,none,0.0
stage,gpt_pipeline,5,1,fixed,1,5<->10,none,none,none,4.794441010848843
stage,gpt_pipeline,5,1,workload_aware,1,5<->10,none,none,none,4.794441010848843
stage,gpt_pipeline,5,2,mesh,0,none,none,none,none,0.0
stage,gpt_pipeline,5,2,fixed,1,5<->10,none,none,none,4.794441010848843
stage,gpt_pipeline,5,2,workload_aware,1,5<->10,none,none,none,4.794441010848843
stage,gpt_pipeline,5,4,mesh,0,none,none,none,none,0.0
stage,gpt_pipeline,5,4,fixed,1,5<->10,none,none,none,4.794441010848843
stage,gpt_pipeline,5,4,workload_aware,1,5<->10,none,none,none,4.794441010848843
stage,gpt_pipeline,15,1,mesh,0,none,none,none,none,0.0
stage,gpt_pipeline,15,1,fixed,1,5<->7,none,none,none,11.536102527122114
stage,gpt_pipeline,15,1,workload_aware,1,1<->3,none,none,none,11.536102527122114
stage,gpt_pipeline,15,2,mesh,0,none,none,none,none,0.0
stage,gpt_pipeline,15,2,fixed,1,5<->7,none,none,none,11.536102527122114
stage,gpt_pipeline,15,2,workload_aware,1,1<->3,none,none,none,11.536102527122114
stage,gpt_pipeline,15,4,mesh,0,none,none,none,none,0.0
stage,gpt_pipeline,15,4,fixed,1,5<->7,none,none,none,11.536102527122114
stage,gpt_pipeline,15,4,workload_aware,1,1<->3,none,none,none,11.536102527122114
stage,gpt_pipeline,25,1,mesh,0,none,none,none,none,0.0
stage,gpt_pipeline,25,1,fixed,1,1<->14,none,none,none,23.07220505424423
stage,gpt_pipeline,25,1,workload_aware,1,1<->3,none,none,none,11.536102527122114
stage,gpt_pipeline,25,2,mesh,0,none,none,none,none,0.0
stage,gpt_pipeline,25,2,fixed,1,1<->14,none,none,none,23.07220505424423
stage,gpt_pipeline,25,2,workload_aware,2,1<->3,13<->15,none,none,23.07220505424423
stage,gpt_pipeline,25,4,mesh,0,none,none,none,none,0.0
stage,gpt_pipeline,25,4,fixed,1,1<->14,none,none,none,23.07220505424423
stage,gpt_pipeline,25,4,workload_aware,2,1<->3,13<->15,none,none,23.07220505424423
stage,gpt_pipeline,45,1,mesh,0,none,none,none,none,0.0
stage,gpt_pipeline,45,1,fixed,1,1<->14,none,none,none,23.07220505424423
stage,gpt_pipeline,45,1,workload_aware,1,1<->3,none,none,none,11.536102527122114
stage,gpt_pipeline,45,2,mesh,0,none,none,none,none,0.0
stage,gpt_pipeline,45,2,fixed,2,1<->14,8<->11,none,none,43.74718960306404
stage,gpt_pipeline,45,2,workload_aware,2,1<->3,13<->15,none,none,23.07220505424423
stage,gpt_pipeline,45,4,mesh,0,none,none,none,none,0.0
stage,gpt_pipeline,45,4,fixed,2,1<->14,8<->11,none,none,43.74718960306404
stage,gpt_pipeline,45,4,workload_aware,4,1<->3,13<->15,12<->14,5<->10,39.40274859221519
stage,moe_expert,5,1,mesh,0,none,none,none,none,0.0
stage,moe_expert,5,1,fixed,1,5<->10,none,none,none,4.794441010848843
stage,moe_expert,5,1,workload_aware,1,5<->10,none,none,none,4.794441010848843
stage,moe_expert,5,2,mesh,0,none,none,none,none,0.0
stage,moe_expert,5,2,fixed,1,5<->10,none,none,none,4.794441010848843
stage,moe_expert,5,2,workload_aware,1,5<->10,none,none,none,4.794441010848843
stage,moe_expert,5,4,mesh,0,none,none,none,none,0.0
stage,moe_expert,5,4,fixed,1,5<->10,none,none,none,4.794441010848843
stage,moe_expert,5,4,workload_aware,1,5<->10,none,none,none,4.794441010848843
stage,moe_expert,15,1,mesh,0,none,none,none,none,0.0
stage,moe_expert,15,1,fixed,1,5<->7,none,none,none,11.536102527122114
stage,moe_expert,15,1,workload_aware,1,1<->3,none,none,none,11.536102527122114
stage,moe_expert,15,2,mesh,0,none,none,none,none,0.0
stage,moe_expert,15,2,fixed,1,5<->7,none,none,none,11.536102527122114
stage,moe_expert,15,2,workload_aware,1,1<->3,none,none,none,11.536102527122114
stage,moe_expert,15,4,mesh,0,none,none,none,none,0.0
stage,moe_expert,15,4,fixed,1,5<->7,none,none,none,11.536102527122114
stage,moe_expert,15,4,workload_aware,1,1<->3,none,none,none,11.536102527122114
stage,moe_expert,25,1,mesh,0,none,none,none,none,0.0
stage,moe_expert,25,1,fixed,1,1<->14,none,none,none,23.07220505424423
stage,moe_expert,25,1,workload_aware,1,1<->3,none,none,none,11.536102527122114
stage,moe_expert,25,2,mesh,0,none,none,none,none,0.0
stage,moe_expert,25,2,fixed,1,1<->14,none,none,none,23.07220505424423
stage,moe_expert,25,2,workload_aware,2,1<->3,13<->15,none,none,23.07220505424423
stage,moe_expert,25,4,mesh,0,none,none,none,none,0.0
stage,moe_expert,25,4,fixed,1,1<->14,none,none,none,23.07220505424423
stage,moe_expert,25,4,workload_aware,2,1<->3,13<->15,none,none,23.07220505424423
stage,moe_expert,45,1,mesh,0,none,none,none,none,0.0
stage,moe_expert,45,1,fixed,1,1<->14,none,none,none,23.07220505424423
stage,moe_expert,45,1,workload_aware,1,1<->3,none,none,none,11.536102527122114
stage,moe_expert,45,2,mesh,0,none,none,none,none,0.0
stage,moe_expert,45,2,fixed,2,1<->14,8<->11,none,none,43.74718960306404
stage,moe_expert,45,2,workload_aware,2,1<->3,13<->15,none,none,23.07220505424423
stage,moe_expert,45,4,mesh,0,none,none,none,none,0.0
stage,moe_expert,45,4,fixed,2,1<->14,8<->11,none,none,43.74718960306404
stage,moe_expert,45,4,workload_aware,4,1<->3,13<->15,12<->14,5<->10,39.40274859221519
