workload,budget,requested_k,fixed_actual_k,aware_actual_k,fixed_wire,aware_wire,mesh_latency,fixed_latency,aware_latency,fixed_gain_vs_mesh,aware_gain_vs_mesh,aware_gain_vs_fixed,fixed_knee,aware_knee
gpt_fsdp,5,1,1,1,4.794441010848843,4.794441010848848,58.0929,56.4486,56.4465,2.8304663736876643,2.834081273270916,0.0037201985523089296,0.064,0.125
gpt_fsdp,5,2,1,1,4.794441010848843,4.794441010848848,58.0929,56.4486,56.4465,2.8304663736876643,2.834081273270916,0.0037201985523089296,0.064,0.125
gpt_fsdp,5,4,1,1,4.794441010848843,4.794441010848848,58.0929,56.4486,56.4465,2.8304663736876643,2.834081273270916,0.0037201985523089296,0.064,0.125
gpt_fsdp,15,1,1,1,11.536102527122114,13.933323032546538,58.0929,53.2918,54.861,8.264521137694965,5.563330458627479,-2.944543062910232,0.04300000000000001,0.125
gpt_fsdp,15,2,1,1,11.536102527122114,13.933323032546538,58.0929,53.2918,54.861,8.264521137694965,5.563330458627479,-2.944543062910232,0.04300000000000001,0.125
gpt_fsdp,15,4,1,1,11.536102527122114,13.933323032546538,58.0929,53.2918,54.861,8.264521137694965,5.563330458627479,-2.944543062910232,0.04300000000000001,0.125
gpt_fsdp,25,1,1,1,23.07220505424423,20.674984548819808,58.0929,53.2755,51.8555,8.29257964398403,10.736940314565121,2.6653902825876843,0.064,0.064
gpt_fsdp,25,2,1,1,23.07220505424423,20.674984548819808,58.0929,53.2755,51.8555,8.29257964398403,10.736940314565121,2.6653902825876843,0.064,0.064
gpt_fsdp,25,4,1,1,23.07220505424423,20.674984548819808,58.0929,53.2755,51.8555,8.29257964398403,10.736940314565121,2.6653902825876843,0.064,0.064
gpt_fsdp,45,1,1,1,23.07220505424423,41.349969097639615,58.0929,53.2755,50.1655,8.29257964398403,13.646073788707396,5.837580125949075,0.064,0.12
gpt_fsdp,45,2,2,1,43.74718960306404,41.349969097639615,58.0929,47.0185,50.1655,19.06325902132618,13.646073788707396,-6.693110158767289,0.063,0.12
gpt_fsdp,45,4,2,1,43.74718960306404,41.349969097639615,58.0929,47.0185,50.1655,19.06325902132618,13.646073788707396,-6.693110158767289,0.063,0.12
gpt_pipeline,5,1,1,1,4.794441010848843,4.794441010848843,45.8875,45.8875,45.8875,0.0,0.0,0.0,0.09800000000000003,0.09800000000000003
gpt_pipeline,5,2,1,1,4.794441010848843,4.794441010848843,45.8875,45.8875,45.8875,0.0,0.0,0.0,0.09800000000000003,0.09800000000000003
gpt_pipeline,5,4,1,1,4.794441010848843,4.794441010848843,45.8875,45.8875,45.8875,0.0,0.0,0.0,0.09800000000000003,0.09800000000000003
gpt_pipeline,15,1,1,1,11.536102527122114,11.536102527122114,45.8875,44.755,44.1408,2.4679923726505044,3.806483247071651,1.3723606300972044,0.09800000000000003,0.09800000000000003
gpt_pipeline,15,2,1,1,11.536102527122114,11.536102527122114,45.8875,44.755,44.1408,2.4679923726505044,3.806483247071651,1.3723606300972044,0.09800000000000003,0.09800000000000003
gpt_pipeline,15,4,1,1,11.536102527122114,11.536102527122114,45.8875,44.755,44.1408,2.4679923726505044,3.806483247071651,1.3723606300972044,0.09800000000000003,0.09800000000000003
gpt_pipeline,25,1,1,1,23.07220505424423,11.536102527122114,45.8875,45.8875,44.1408,0.0,3.806483247071651,3.806483247071651,0.09800000000000003,0.09800000000000003
gpt_pipeline,25,2,1,2,23.07220505424423,23.07220505424423,45.8875,45.8875,42.5739,0.0,7.221138654317627,7.221138654317627,0.09800000000000003,0.11599999999999999
gpt_pipeline,25,4,1,2,23.07220505424423,23.07220505424423,45.8875,45.8875,42.5739,0.0,7.221138654317627,7.221138654317627,0.09800000000000003,0.11599999999999999
gpt_pipeline,45,1,1,1,23.07220505424423,11.536102527122114,45.8875,45.8875,44.1408,0.0,3.806483247071651,3.806483247071651,0.09800000000000003,0.09800000000000003
gpt_pipeline,45,2,2,2,43.74718960306404,23.07220505424423,45.8875,46.0846,42.5739,-0.4295287387632774,7.221138654317627,7.617946125169796,0.09700000000000003,0.11599999999999999
gpt_pipeline,45,4,2,4,43.74718960306404,39.40274859221519,45.8875,46.0846,40.8181,-0.4295287387632774,11.047453010079,11.42789565277772,0.09700000000000003,0.11599999999999999
moe_expert,5,1,1,1,4.794441010848843,4.794441010848843,47.8076,47.8076,47.8076,0.0,0.0,0.0,0.09800000000000003,0.09800000000000003
moe_expert,5,2,1,1,4.794441010848843,4.794441010848843,47.8076,47.8076,47.8076,0.0,0.0,0.0,0.09800000000000003,0.09800000000000003
moe_expert,5,4,1,1,4.794441010848843,4.794441010848843,47.8076,47.8076,47.8076,0.0,0.0,0.0,0.09800000000000003,0.09800000000000003
moe_expert,15,1,1,1,11.536102527122114,11.536102527122114,47.8076,46.2505,46.061,3.257013529229659,3.6533940210343143,0.4097253002670294,0.09800000000000003,0.09800000000000003
moe_expert,15,2,1,1,11.536102527122114,11.536102527122114,47.8076,46.2505,46.061,3.257013529229659,3.6533940210343143,0.4097253002670294,0.09800000000000003,0.09800000000000003
moe_expert,15,4,1,1,11.536102527122114,11.536102527122114,47.8076,46.2505,46.061,3.257013529229659,3.6533940210343143,0.4097253002670294,0.09800000000000003,0.09800000000000003
moe_expert,25,1,1,1,23.07220505424423,11.536102527122114,47.8076,47.7826,46.061,0.05229294087132293,3.6533940210343143,3.6029851870764715,0.09800000000000003,0.09800000000000003
moe_expert,25,2,1,2,23.07220505424423,23.07220505424423,47.8076,47.7826,44.5034,0.05229294087132293,6.911453409081405,6.862749201592218,0.09800000000000003,0.09800000000000003
moe_expert,25,4,1,2,23.07220505424423,23.07220505424423,47.8076,47.7826,44.5034,0.05229294087132293,6.911453409081405,6.862749201592218,0.09800000000000003,0.09800000000000003
moe_expert,45,1,1,1,23.07220505424423,11.536102527122114,47.8076,47.7826,46.061,0.05229294087132293,3.6533940210343143,3.6029851870764715,0.09800000000000003,0.09800000000000003
moe_expert,45,2,2,2,43.74718960306404,23.07220505424423,47.8076,48.0566,44.5034,-0.5208376910784108,6.911453409081405,7.3937814993153985,0.08500000000000002,0.09800000000000003
moe_expert,45,4,2,4,43.74718960306404,39.40274859221519,47.8076,48.0566,42.776,-0.5208376910784108,10.52468645152653,10.988292971204785,0.08500000000000002,0.09800000000000003
