workload,budget_mm,k_family,requested_k,mesh_bs_latency,mesh_hops,mesh_knee_load,fixed_actual_k,fixed_total_wire_mm,fixed_bs_latency,fixed_hops,fixed_knee_load,fixed_latency_gain_vs_mesh_percent,aware_actual_k,aware_total_wire_mm,aware_bs_latency,aware_hops,aware_knee_load,aware_latency_gain_vs_mesh_percent,aware_latency_gain_vs_fixed_percent,aware_hop_gain_vs_fixed_percent,fixed_k1_to_k2_latency_gain_percent,fixed_k2_to_k4_latency_gain_percent,fixed_k1_to_k4_latency_gain_percent,aware_k1_to_k2_latency_gain_percent,aware_k2_to_k4_latency_gain_percent,aware_k1_to_k4_latency_gain_percent,fixed_added_wire_k1_to_k2_mm,fixed_added_wire_k2_to_k4_mm,aware_added_wire_k1_to_k2_mm,aware_added_wire_k2_to_k4_mm,fixed_added_actual_links_k1_to_k2,fixed_added_actual_links_k2_to_k4,aware_added_actual_links_k1_to_k2,aware_added_actual_links_k2_to_k4
random_uniform,5,K1,1,80.7861,3.67055,,1,4.794441010848843,77.0886,3.53358,,4.576901224344293,1,4.794441010848843,77.0886,3.53358,,4.576901224344293,0.0,0.0,,,,,,,,,,,,,,
random_uniform,5,K2,2,80.7861,3.67055,,1,4.794441010848843,77.0886,3.53358,,4.576901224344293,1,4.794441010848843,77.0886,3.53358,,4.576901224344293,0.0,0.0,0.0,,,0.0,,,0.0,,0.0,,0,,0,
random_uniform,5,K4,4,80.7861,3.67055,,1,4.794441010848843,77.0886,3.53358,,4.576901224344293,1,4.794441010848843,77.0886,3.53358,,4.576901224344293,0.0,0.0,,0.0,0.0,,0.0,0.0,,0.0,,0.0,,0,,0
random_uniform,15,K1,1,80.7861,3.67055,,1,11.536102527122114,76.1842,3.4936,,5.69640074220689,1,11.536102527122114,76.1842,3.4936,,5.69640074220689,0.0,0.0,,,,,,,,,,,,,,
random_uniform,15,K2,2,80.7861,3.67055,,1,11.536102527122114,76.1842,3.4936,,5.69640074220689,1,11.536102527122114,76.1842,3.4936,,5.69640074220689,0.0,0.0,0.0,,,0.0,,,0.0,,0.0,,0,,0,
random_uniform,15,K4,4,80.7861,3.67055,,1,11.536102527122114,76.1842,3.4936,,5.69640074220689,1,11.536102527122114,76.1842,3.4936,,5.69640074220689,0.0,0.0,,0.0,0.0,,0.0,0.0,,0.0,,0.0,,0,,0
random_uniform,25,K1,1,80.7861,3.67055,,1,23.07220505424423,74.5216,3.41452,0.063,7.754428051360318,1,23.07220505424423,74.5216,3.41452,0.063,7.754428051360318,0.0,0.0,,,,,,,,,,,,,,
random_uniform,25,K2,2,80.7861,3.67055,,1,23.07220505424423,74.5216,3.41452,0.063,7.754428051360318,1,23.07220505424423,74.5216,3.41452,0.063,7.754428051360318,0.0,0.0,0.0,,,0.0,,,0.0,,0.0,,0,,0,
random_uniform,25,K4,4,80.7861,3.67055,,1,23.07220505424423,74.5216,3.41452,0.063,7.754428051360318,1,23.07220505424423,74.5216,3.41452,0.063,7.754428051360318,0.0,0.0,,0.0,0.0,,0.0,0.0,,0.0,,0.0,,0,,0
random_uniform,45,K1,1,80.7861,3.67055,,1,23.07220505424423,74.5216,3.41452,0.063,7.754428051360318,1,23.07220505424423,74.5216,3.41452,0.063,7.754428051360318,0.0,0.0,,,,,,,,,,,,,,
random_uniform,45,K2,2,80.7861,3.67055,,2,43.74718960306404,70.8544,3.26679,,12.29382282348078,2,43.74718960306404,70.8544,3.26679,,12.29382282348078,0.0,0.0,4.920989350738588,,,4.920989350738588,,,20.674984548819808,,20.674984548819808,,1,,1,
random_uniform,45,K4,4,80.7861,3.67055,,2,43.74718960306404,70.8544,3.26679,,12.29382282348078,2,43.74718960306404,70.8544,3.26679,,12.29382282348078,0.0,0.0,,0.0,4.920989350738588,,0.0,4.920989350738588,,0.0,,0.0,,0,,0
transpose,5,K1,1,98.8631,4.31611,0.04200000000000001,1,4.794441010848843,98.8631,4.31611,,0.0,1,4.794441010848846,85.7166,3.82921,0.04200000000000001,13.29768133914474,13.29768133914474,11.280991448318053,,,,,,,,,,,,,,
transpose,5,K2,2,98.8631,4.31611,0.04200000000000001,1,4.794441010848843,98.8631,4.31611,0.04200000000000001,0.0,1,4.794441010848846,85.7166,3.82921,0.04200000000000001,13.29768133914474,13.29768133914474,11.280991448318053,0.0,,,0.0,,,0.0,,0.0,,0,,0,
transpose,5,K4,4,98.8631,4.31611,0.04200000000000001,1,4.794441010848843,98.8631,4.31611,0.04200000000000001,0.0,1,4.794441010848846,85.7166,3.82921,0.04200000000000001,13.29768133914474,13.29768133914474,11.280991448318053,,0.0,0.0,,0.0,0.0,,0.0,,0.0,,0,,0
transpose,15,K1,1,98.8631,4.31611,0.04200000000000001,1,11.536102527122114,90.4634,3.99306,0.05100000000000001,8.496294370700504,1,13.933323032546536,81.7382,3.67001,0.063,17.321831906950113,9.645005604476491,8.09028664733312,,,,,,,,,,,,,,
transpose,15,K2,2,98.8631,4.31611,0.04200000000000001,1,11.536102527122114,90.4634,3.99306,0.05100000000000001,8.496294370700504,1,13.933323032546536,81.7382,3.67001,0.063,17.321831906950113,9.645005604476491,8.09028664733312,0.0,,,0.0,,,0.0,,0.0,,0,,0,
transpose,15,K4,4,98.8631,4.31611,0.04200000000000001,1,11.536102527122114,90.4634,3.99306,0.05100000000000001,8.496294370700504,1,13.933323032546536,81.7382,3.67001,0.063,17.321831906950113,9.645005604476491,8.09028664733312,,0.0,0.0,,0.0,0.0,,0.0,,0.0,,0,,0
transpose,25,K1,1,98.8631,4.31611,0.04200000000000001,1,23.07220505424423,95.0759,4.1515,0.05100000000000001,3.8307518174121573,1,23.07220505424423,73.3389,3.34695,0.063,25.8177216777544,22.862786468495177,19.379742261833076,,,,,,,,,,,,,,
transpose,25,K2,2,98.8631,4.31611,0.04200000000000001,1,23.07220505424423,95.0759,4.1515,0.05100000000000001,3.8307518174121573,1,23.07220505424423,73.3389,3.34695,0.063,25.8177216777544,22.862786468495177,19.379742261833076,0.0,,,0.0,,,0.0,,0.0,,0,,0,
transpose,25,K4,4,98.8631,4.31611,0.04200000000000001,1,23.07220505424423,95.0759,4.1515,0.05100000000000001,3.8307518174121573,1,23.07220505424423,73.3389,3.34695,0.063,25.8177216777544,22.862786468495177,19.379742261833076,,0.0,0.0,,0.0,0.0,,0.0,,0.0,,0,,0
transpose,45,K1,1,98.8631,4.31611,0.04200000000000001,1,23.07220505424423,95.0759,4.1515,0.05100000000000001,3.8307518174121573,1,41.349969097639615,71.5428,3.16423,0.03700000000000001,27.634476361756814,24.751908738176553,23.7810429965073,,,,,,,,,,,,,,
transpose,45,K2,2,98.8631,4.31611,0.04200000000000001,2,43.74718960306404,90.4665,3.98689,0.063,8.493158721504795,1,41.349969097639615,71.5428,3.16423,0.03700000000000001,27.634476361756814,20.91790883918356,20.63412835568576,4.84812660200956,,,0.0,,,20.674984548819808,,0.0,,1,,0,
transpose,45,K4,4,98.8631,4.31611,0.04200000000000001,2,43.74718960306404,90.4665,3.98689,0.063,8.493158721504795,1,41.349969097639615,71.5428,3.16423,0.03700000000000001,27.634476361756814,20.91790883918356,20.63412835568576,,0.0,4.84812660200956,,0.0,0.0,,0.0,,0.0,,0,,0
permutation,5,K1,1,86.2283,3.86497,0.05100000000000001,1,4.794441010848843,81.3285,3.68348,,5.682357184358266,1,4.794441010848843,81.3285,3.68348,,5.682357184358266,0.0,0.0,,,,,,,,,,,,,,
permutation,5,K2,2,86.2283,3.86497,0.05100000000000001,1,4.794441010848843,81.3285,3.68348,,5.682357184358266,1,4.794441010848843,81.3285,3.68348,,5.682357184358266,0.0,0.0,0.0,,,0.0,,,0.0,,0.0,,0,,0,
permutation,5,K4,4,86.2283,3.86497,0.05100000000000001,1,4.794441010848843,81.3285,3.68348,,5.682357184358266,1,4.794441010848843,81.3285,3.68348,,5.682357184358266,0.0,0.0,,0.0,0.0,,0.0,0.0,,0.0,,0.0,,0,,0
permutation,15,K1,1,86.2283,3.86497,0.05100000000000001,1,11.536102527122114,83.0574,3.74301,,3.6773309922612447,1,13.933323032546536,79.7829,3.62178,,7.474808154631376,3.9424542545275956,3.2388371925268626,,,,,,,,,,,,,,
permutation,15,K2,2,86.2283,3.86497,0.05100000000000001,1,11.536102527122114,83.0574,3.74301,,3.6773309922612447,1,13.933323032546536,79.7829,3.62178,,7.474808154631376,3.9424542545275956,3.2388371925268626,0.0,,,0.0,,,0.0,,0.0,,0,,0,
permutation,15,K4,4,86.2283,3.86497,0.05100000000000001,1,11.536102527122114,83.0574,3.74301,,3.6773309922612447,1,13.933323032546536,79.7829,3.62178,,7.474808154631376,3.9424542545275956,3.2388371925268626,,0.0,0.0,,0.0,0.0,,0.0,,0.0,,0,,0
permutation,25,K1,1,86.2283,3.86497,0.05100000000000001,1,23.07220505424423,80.0171,3.62142,,7.203203588613025,1,23.07220505424423,76.6214,3.50018,,11.141237853465752,4.243717905297749,3.3478580225436496,,,,,,,,,,,,,,
permutation,25,K2,2,86.2283,3.86497,0.05100000000000001,1,23.07220505424423,80.0171,3.62142,,7.203203588613025,1,23.07220505424423,76.6214,3.50018,,11.141237853465752,4.243717905297749,3.3478580225436496,0.0,,,0.0,,,0.0,,0.0,,0,,0,
permutation,25,K4,4,86.2283,3.86497,0.05100000000000001,1,23.07220505424423,80.0171,3.62142,,7.203203588613025,1,23.07220505424423,76.6214,3.50018,,11.141237853465752,4.243717905297749,3.3478580225436496,,0.0,0.0,,0.0,0.0,,0.0,,0.0,,0,,0
permutation,45,K1,1,86.2283,3.86497,0.05100000000000001,1,23.07220505424423,80.0171,3.62142,,7.203203588613025,1,23.07220505424423,76.6214,3.50018,,11.141237853465752,4.243717905297749,3.3478580225436496,,,,,,,,,,,,,,
permutation,45,K2,2,86.2283,3.86497,0.05100000000000001,2,43.74718960306404,77.2131,3.49873,,10.45503622360641,2,37.00552808679077,69.9459,3.24828,,18.882895754642046,9.411874409912311,7.158311730256416,3.504250966355944,,,8.712317968609293,,,20.674984548819808,,13.93332303254654,,1,,1,
permutation,45,K4,4,86.2283,3.86497,0.05100000000000001,2,43.74718960306404,77.2131,3.49873,,10.45503622360641,3,41.79996909763961,66.8094,3.13212,,22.520332651809216,13.474008944078145,10.47837358127092,,0.0,3.504250966355944,,4.484179916192369,12.805821872218464,,0.0,,4.794441010848843,,0,,1
hotspot,5,K1,1,83.8134,3.77858,,1,4.794441010848843,79.5681,3.62142,0.05100000000000001,5.065180508128772,1,4.794441010848843,79.5681,3.62142,0.05100000000000001,5.065180508128772,0.0,0.0,,,,,,,,,,,,,,
hotspot,5,K2,2,83.8134,3.77858,,1,4.794441010848843,79.5681,3.62142,0.05100000000000001,5.065180508128772,1,4.794441010848843,79.5681,3.62142,0.05100000000000001,5.065180508128772,0.0,0.0,0.0,,,0.0,,,0.0,,0.0,,0,,0,
hotspot,5,K4,4,83.8134,3.77858,,1,4.794441010848843,79.5681,3.62142,0.05100000000000001,5.065180508128772,1,4.794441010848843,79.5681,3.62142,0.05100000000000001,5.065180508128772,0.0,0.0,,0.0,0.0,,0.0,0.0,,0.0,,0.0,,0,,0
hotspot,15,K1,1,83.8134,3.77858,,1,11.536102527122114,77.9132,3.55172,,7.039685778169121,1,11.536102527122116,77.5047,3.53667,,7.527078009005721,0.5243014020730808,0.4237383577534267,,,,,,,,,,,,,,
hotspot,15,K2,2,83.8134,3.77858,,1,11.536102527122114,77.9132,3.55172,,7.039685778169121,1,11.536102527122116,77.5047,3.53667,,7.527078009005721,0.5243014020730808,0.4237383577534267,0.0,,,0.0,,,0.0,,0.0,,0,,0,
hotspot,15,K4,4,83.8134,3.77858,,1,11.536102527122114,77.9132,3.55172,,7.039685778169121,1,11.536102527122116,77.5047,3.53667,,7.527078009005721,0.5243014020730808,0.4237383577534267,,0.0,0.0,,0.0,0.0,,0.0,,0.0,,0,,0
hotspot,25,K1,1,83.8134,3.77858,,1,23.07220505424423,77.2171,3.50853,0.047000000000000014,7.870221229540859,1,23.07220505424423,74.9339,3.41938,,10.59436796502708,2.9568580016602644,2.5409501985161893,,,,,,,,,,,,,,
hotspot,25,K2,2,83.8134,3.77858,,1,23.07220505424423,77.2171,3.50853,0.047000000000000014,7.870221229540859,1,23.07220505424423,74.9339,3.41938,,10.59436796502708,2.9568580016602644,2.5409501985161893,0.0,,,0.0,,,0.0,,0.0,,0,,0,
hotspot,25,K4,4,83.8134,3.77858,,1,23.07220505424423,77.2171,3.50853,0.047000000000000014,7.870221229540859,1,23.07220505424423,74.9339,3.41938,,10.59436796502708,2.9568580016602644,2.5409501985161893,,0.0,0.0,,0.0,0.0,,0.0,,0.0,,0,,0
hotspot,45,K1,1,83.8134,3.77858,,1,23.07220505424423,77.2171,3.50853,0.047000000000000014,7.870221229540859,1,23.07220505424423,74.9339,3.41938,,10.59436796502708,2.9568580016602644,2.5409501985161893,,,,,,,,,,,,,,
hotspot,45,K2,2,83.8134,3.77858,,2,43.74718960306404,72.9855,3.33902,,12.919055902755407,2,34.60830758136635,71.649,3.29256,0.056000000000000015,14.513669651869511,1.8311856464640248,1.391426226856987,5.480133286538862,,,4.383730194211156,,,20.674984548819808,,11.536102527122118,,1,,1,
hotspot,45,K4,4,83.8134,3.77858,,2,43.74718960306404,72.9855,3.33902,,12.919055902755407,4,44.19718960306405,67.7942,3.14664,,19.11293420861103,7.112782676010987,5.761570760282957,,0.0,5.480133286538862,,5.380116959064324,9.527997341657104,,0.0,,9.5888820216977,,0,,2
