category,workload,requested_k,budget_mm,mesh_latency,fixed_latency,aware_latency,fixed_gain_vs_mesh_percent,aware_gain_vs_mesh_percent,aware_gain_vs_fixed_percent,fixed_actual_k,aware_actual_k,fixed_wire_mm,aware_wire_mm,fixed_knee,aware_knee,notes
synthetic_overall,,,,87.422725,81.74511041666666,76.5332375,6.576229551893906,12.038769264961461,5.792428519312343,1.1666666666666667,1.1875,19.06456916975149,19.283087545203525,0.052727272727272734,0.0538,Arithmetic mean across 48 configurations.
synthetic_workload,hotspot,,,83.8134,77.27360833333334,75.86643333333333,7.80279963188066,9.481737605999362,1.8620253779446092,1.1666666666666667,1.3333333333333333,19.06456916975149,18.340495667943348,0.048714285714285724,0.05225000000000001,Arithmetic mean across 12 configurations.
synthetic_workload,permutation,,,86.2283,80.63769166666667,77.21459166666666,6.4834959442936215,10.4533063197736,4.30734314489702,1.1666666666666667,1.25,19.06456916975149,18.939800794299455,,,Arithmetic mean across 12 configurations.
synthetic_workload,random_uniform,,,80.7861,74.9678,74.9678,7.202105312671365,7.202105312671365,0.0,1.1666666666666667,1.1666666666666667,19.06456916975149,19.06456916975149,0.063,0.063,Arithmetic mean across 12 configurations.
synthetic_workload,transpose,,,98.86309999999999,94.10134166666667,78.084125,4.816517318729978,21.017927821401518,17.00034555440774,1.1666666666666667,1.0,19.06456916975149,20.78748454881981,0.051545454545454554,0.05125000000000001,Arithmetic mean across 12 configurations.
synthetic_k,,1,,87.422725,82.38311875000001,77.24670625,5.846960010876363,11.19215655299923,5.589080601300604,1.0,1.0,15.618738411614853,17.06075122750512,0.053000000000000005,0.05457142857142857,Arithmetic mean across 16 configurations.
synthetic_k,,2,,87.422725,81.42610625,76.39498125,6.940864322402677,12.20467870050793,5.602110866952187,1.25,1.1875,20.787484548819805,19.944776859285646,0.05257142857142858,0.05357142857142858,Arithmetic mean across 16 configurations.
synthetic_k,,4,,87.422725,81.42610625,75.958025,6.940864322402677,12.719472541377222,6.186094089684237,1.25,1.375,20.787484548819805,20.843734548819807,0.05257142857142858,0.053166666666666675,Arithmetic mean across 16 configurations.
synthetic_budget,,,5,87.422725,84.212075,80.92545,3.831109729207833,7.155530063994018,3.324420334786185,1.0,1.0,4.794441010848843,4.7944410108488436,0.04740000000000001,0.046500000000000014,Arithmetic mean across 12 configurations.
synthetic_budget,,,15,87.422725,81.90455,78.8025,6.22742797083444,9.505029703198526,3.527940315269292,1.0,1.0,11.536102527122116,12.734712779834325,0.05100000000000001,0.063,Arithmetic mean across 12 configurations.
synthetic_budget,,,25,87.422725,81.707925,74.85395,6.664651171731589,13.826938886901887,7.515840593863298,1.0,1.0,23.072205054244233,23.072205054244233,0.053666666666666675,0.063,Arithmetic mean across 12 configurations.
synthetic_budget,,,45,87.422725,79.15589166666666,71.55104999999999,9.581729335801763,17.667578405751414,8.801512833330596,1.6666666666666667,1.75,36.85552808679077,36.530991335886696,0.05740000000000001,0.046000000000000006,Arithmetic mean across 12 configurations.
stage_overall,,,,50.596000000000004,48.706244444444444,47.691827777777775,3.3351459933938545,5.544738319384589,2.1496096856327807,1.1666666666666667,1.3333333333333333,19.06456916975149,16.767348664327066,0.08408333333333334,0.10350000000000001,Arithmetic mean across 36 configurations.
stage_workload,gpt_fsdp,,,58.09290000000001,53.03001666666666,53.332125,8.715149929394697,8.195106458792727,-0.6979114947413515,1.1666666666666667,1.0,19.06456916975149,20.1881794224637,0.05858333333333334,0.1085,Arithmetic mean across 12 configurations.
stage_workload,gpt_pipeline,,,45.88750000000001,45.637225,43.908858333333335,0.5454099700354132,4.311940434032511,3.7681806225848073,1.1666666666666667,1.5,19.06456916975149,15.056933285258749,0.09783333333333337,0.10400000000000002,Arithmetic mean across 12 configurations.
stage_workload,moe_expert,,,47.8076,47.45149166666667,45.8345,0.7448780807514539,4.127168065328527,3.3785599290548873,1.1666666666666667,1.5,19.06456916975149,15.056933285258749,0.09583333333333337,0.09800000000000003,Arithmetic mean across 12 configurations.
stage_k,,1,,50.596000000000004,49.027683333333336,48.13575,2.7924782152477916,4.596671469957401,1.8469308619032763,1.0,1.0,15.618738411614855,13.29651790619043,0.0849166666666667,0.10150000000000002,Arithmetic mean across 12 configurations.
stage_k,,2,,50.596000000000004,48.545525,47.615,3.606479882466886,5.7087906025062445,1.9924298891851455,1.25,1.3333333333333333,20.787484548819805,17.141885415231137,0.08366666666666668,0.10450000000000002,Arithmetic mean across 12 configurations.
stage_k,,4,,50.596000000000004,48.545525,47.324733333333334,3.606479882466886,6.328752885690119,2.6094683058099215,1.25,1.6666666666666667,20.787484548819805,19.863642671559628,0.08366666666666668,0.10450000000000002,Arithmetic mean across 12 configurations.
stage_budget,,,5,50.596000000000004,50.0479,50.047200000000004,0.9434887912292216,0.944693757756972,0.0012400661841029765,1.0,1.0,4.794441010848843,4.794441010848844,0.0866666666666667,0.10700000000000003,Arithmetic mean across 9 configurations.
stage_budget,,,15,50.596000000000004,48.0991,48.35426666666667,4.663175679858376,4.341069242244481,-0.38748571084866607,1.0,1.0,11.536102527122114,12.335176028930256,0.07966666666666669,0.10700000000000003,Arithmetic mean across 9 configurations.
stage_budget,,,25,50.596000000000004,48.98186666666667,46.658100000000005,2.7816241949517844,7.548431370955488,4.841490554858985,1.0,1.4444444444444444,23.07220505424423,19.70955321307562,0.0866666666666667,0.09066666666666667,Arithmetic mean across 9 configurations.
stage_budget,,,45,50.596000000000004,47.696111111111115,45.707744444444444,4.952295307536037,9.344758906581411,4.143193832336703,1.6666666666666667,1.8888888888888888,36.85552808679077,30.230224404453548,0.08333333333333336,0.10933333333333334,Arithmetic mean across 9 configurations.
synthetic_topology_adaptation,,1,5,87.422725,84.212075,80.92545,3.8311097292078324,7.155530063994018,3.324420334786185,1.0,1.0,4.794441010848843,4.7944410108488436,0.05100000000000001,0.046500000000000014,Different chiplet-pair link sets: 1/4 (25.00%); mean aware gain when different=13.29768133914474%; when identical=0.0%.
synthetic_topology_adaptation,,2,5,87.422725,84.212075,80.92545,3.8311097292078324,7.155530063994018,3.324420334786185,1.0,1.0,4.794441010848843,4.7944410108488436,0.046500000000000014,0.046500000000000014,Different chiplet-pair link sets: 1/4 (25.00%); mean aware gain when different=13.29768133914474%; when identical=0.0%.
synthetic_topology_adaptation,,4,5,87.422725,84.212075,80.92545,3.8311097292078324,7.155530063994018,3.324420334786185,1.0,1.0,4.794441010848843,4.7944410108488436,0.046500000000000014,0.046500000000000014,Different chiplet-pair link sets: 1/4 (25.00%); mean aware gain when different=13.29768133914474%; when identical=0.0%.
synthetic_topology_adaptation,,1,15,87.422725,81.90455,78.80250000000001,6.22742797083444,9.505029703198526,3.527940315269292,1.0,1.0,11.536102527122114,12.734712779834325,0.05100000000000001,0.063,Different chiplet-pair link sets: 3/4 (75.00%); mean aware gain when different=4.703920420359056%; when identical=0.0%.
synthetic_topology_adaptation,,2,15,87.422725,81.90455,78.80250000000001,6.22742797083444,9.505029703198526,3.527940315269292,1.0,1.0,11.536102527122114,12.734712779834325,0.05100000000000001,0.063,Different chiplet-pair link sets: 3/4 (75.00%); mean aware gain when different=4.703920420359056%; when identical=0.0%.
synthetic_topology_adaptation,,4,15,87.422725,81.90455,78.80250000000001,6.22742797083444,9.505029703198526,3.527940315269292,1.0,1.0,11.536102527122114,12.734712779834325,0.05100000000000001,0.063,Different chiplet-pair link sets: 3/4 (75.00%); mean aware gain when different=4.703920420359056%; when identical=0.0%.
synthetic_topology_adaptation,,1,25,87.422725,81.707925,74.85395,6.66465117173159,13.826938886901887,7.515840593863297,1.0,1.0,23.07220505424423,23.07220505424423,0.053666666666666675,0.063,Different chiplet-pair link sets: 3/4 (75.00%); mean aware gain when different=10.02112079181773%; when identical=0.0%.
synthetic_topology_adaptation,,2,25,87.422725,81.707925,74.85395,6.66465117173159,13.826938886901887,7.515840593863297,1.0,1.0,23.07220505424423,23.07220505424423,0.053666666666666675,0.063,Different chiplet-pair link sets: 3/4 (75.00%); mean aware gain when different=10.02112079181773%; when identical=0.0%.
synthetic_topology_adaptation,,4,25,87.422725,81.707925,74.85395,6.66465117173159,13.826938886901887,7.515840593863297,1.0,1.0,23.07220505424423,23.07220505424423,0.053666666666666675,0.063,Different chiplet-pair link sets: 3/4 (75.00%); mean aware gain when different=10.02112079181773%; when identical=0.0%.
synthetic_topology_adaptation,,1,45,87.422725,81.707925,74.40492499999999,6.66465117173159,14.28112755790249,7.988121161283642,1.0,1.0,23.07220505424423,27.641646065093077,0.053666666666666675,0.05,Different chiplet-pair link sets: 3/4 (75.00%); mean aware gain when different=10.650828215044855%; when identical=0.0%.
synthetic_topology_adaptation,,2,45,87.422725,77.879875,70.998025,11.040268417836847,18.331216147937287,8.040242223889974,2.0,1.75,43.74718960306404,39.177748592215195,0.063,0.046500000000000014,Different chiplet-pair link sets: 3/4 (75.00%); mean aware gain when different=10.720322965186632%; when identical=0.0%.
synthetic_topology_adaptation,,4,45,87.422725,77.879875,69.2502,11.040268417836847,20.39039151141446,10.376175114818173,2.0,2.5,43.74718960306404,42.773579350351824,0.063,0.03700000000000001,Different chiplet-pair link sets: 3/4 (75.00%); mean aware gain when different=13.834900153090897%; when identical=0.0%.
multiseed_workload,hotspot,,,,,,,8.238535815948032,,,1.3,,18.605171393576196,,,Arithmetic mean across 12 seed-summary groups; mean seed standard deviation=1.181135%.
multiseed_workload,permutation,,,,,,,9.831259229216506,,,1.25,,18.749986093937824,,,Arithmetic mean across 12 seed-summary groups; mean seed standard deviation=1.413863%.
physical_overhead,,,,,,,,,,,,,,,,4PHY-to-8PHY area overhead=4.392765%; power overhead=2.439024%; PHY-count increase=4 (100.00%).
