workload,budget_mm,link,u,v,phy_u,phy_v,wire_length_mm,analytical_latency,analytical_latency_gain_percent,analytical_throughput,booksim_low_load,booksim_low_latency,booksim_latency_gain_percent,booksim_low_hops,booksim_hop_gain_percent,booksim_low_accepted_rate,last_stable_load,last_stable_latency,last_stable_accepted_rate,knee_load,knee_latency,reused_result,source_result_file
hotspot,0,none,,,,,0,83.26515151515159,0.0,7091.799331103678,0.001,83.8134,0.0,3.77858,0.0,0.00101194,0.04600000000000001,101.152,0.0457886,,,False,results/k1_hotspot_baseline.json
hotspot,5,5<->10,5,10,4,0,4.794441010848843,78.96969696969708,5.158766263306288,7091.799331103678,0.001,79.5681,5.065180508128772,3.62142,4.159234421396391,0.00101194,0.05000000000000001,92.0331,0.04987,0.05100000000000001,164.874,False,results/k1_hotspot_B5mm.json
hotspot,15,4<->6,4,6,4,2,11.536102527122116,77.23295454545462,7.244563733964145,7200.162988115449,0.001,77.5047,7.527078009005721,3.53667,6.402140486637833,0.0010115,0.05100000000000001,141.31,0.0508455,,,False,results/k1_hotspot_B15mm.json
hotspot,25,4<->11,4,11,4,0,23.07220505424423,74.32007575757588,10.74288053862244,8124.321839080458,0.001,74.9339,10.59436796502708,3.41938,9.506216621058703,0.0010115,0.05300000000000001,77.9999,0.0528409,,,False,results/k1_hotspot_B25mm.json
hotspot,45,4<->11,4,11,4,0,23.07220505424423,74.32007575757588,10.74288053862244,8124.321839080458,0.001,74.9339,10.59436796502708,3.41938,9.506216621058703,0.0010115,0.05300000000000001,77.9999,0.0528409,,,True,results/k1_hotspot_B25mm.json
permutation,0,none,,,,,0,86.5,0.0,8032.0,0.001,86.2283,0.0,3.86497,0.0,0.00101083,0.05000000000000001,103.204,0.0498057,0.05100000000000001,284.244,False,results/k1_permutation_baseline.json
permutation,5,5<->10,5,10,4,0,4.794441010848843,81.4375,5.8526011560693645,8032.0,0.001,81.3285,5.682357184358266,3.68348,4.695767366887716,0.00101083,0.05100000000000001,90.1323,0.0507772,,,False,results/k1_permutation_B5mm.json
permutation,15,5<->14,5,14,4,0,13.933323032546536,79.875,7.658959537572255,8032.0,0.001,79.7829,7.474808154631376,3.62178,6.292157507044034,0.00101083,0.05100000000000001,87.4211,0.0507871,,,False,results/k1_permutation_B15mm.json
permutation,25,4<->14,4,14,4,0,23.07220505424423,76.625,11.416184971098266,8032.0,0.001,76.6214,11.141237853465752,3.50018,9.438365627676285,0.0010112,0.049000000000000016,95.3594,0.0485621,,,False,results/k1_permutation_B25mm.json
permutation,45,4<->14,4,14,4,0,23.07220505424423,76.625,11.416184971098266,8032.0,0.001,76.6214,11.141237853465752,3.50018,9.438365627676285,0.0010112,0.049000000000000016,95.3594,0.0485621,,,True,results/k1_permutation_B25mm.json
random_uniform,0,none,,,,,0,80.66666666666697,0.0,8605.71428571429,0.001,80.7861,0.0,3.67055,0.0,0.0010115,0.05800000000000002,160.829,0.0578653,,,False,results/k1_random_uniform_baseline.json
random_uniform,5,5<->10,5,10,4,0,4.794441010848843,77.06666666666693,4.462809917355401,11474.285714285717,0.001,77.0886,4.576901224344293,3.53358,3.7315933579436273,0.00101157,0.068,152.121,0.0677619,,,False,results/k1_random_uniform_B5mm.json
random_uniform,15,5<->7,5,7,4,2,11.536102527122114,75.90000000000023,5.909090909090974,10952.727272727276,0.001,76.1842,5.69640074220689,3.4936,4.82080342183052,0.0010115,0.07,132.882,0.0697254,,,False,results/k1_random_uniform_B15mm.json
random_uniform,25,1<->14,1,14,4,0,23.07220505424423,74.58333333333354,7.541322314049676,10476.521739130438,0.001,74.5216,7.754428051360318,3.41452,6.975248940894416,0.00101157,0.062000000000000006,85.4686,0.0619209,0.063,153.741,False,results/k1_random_uniform_B25mm.json
random_uniform,45,1<->14,1,14,4,0,23.07220505424423,74.58333333333354,7.541322314049676,10476.521739130438,0.001,74.5216,7.754428051360318,3.41452,6.975248940894416,0.00101157,0.062000000000000006,85.4686,0.0619209,0.063,153.741,True,results/k1_random_uniform_B25mm.json
transpose,0,none,,,,,0,99.33333333333333,0.0,4016.0,0.001,98.8631,0.0,4.31611,0.0,0.000762677,0.04100000000000001,108.718,0.0306044,0.04200000000000001,237.645,False,results/k1_transpose_baseline.json
transpose,5,1<->4,1,4,2,6,4.794441010848846,85.83333333333333,13.590604026845638,4016.0,0.001,85.7166,13.29768133914474,3.82921,11.280991448318053,0.000755085,0.04100000000000001,95.174,0.0306279,0.04200000000000001,197.79,False,results/k1_transpose_B5mm.json
transpose,15,6<->13,6,13,2,6,13.933323032546536,81.66666666666667,17.78523489932885,6024.0,0.001,81.7382,17.321831906950113,3.67001,14.969497997039003,0.000762677,0.062000000000000006,129.909,0.046445,0.063,265.608,False,results/k1_transpose_B15mm.json
transpose,25,7<->13,7,13,2,6,23.07220505424423,73.0,26.510067114093957,6024.0,0.001,73.3389,25.8177216777544,3.34695,22.454478685668345,0.000762972,0.062000000000000006,122.146,0.0464545,0.063,245.157,False,results/k1_transpose_B25mm.json
transpose,45,3<->12,3,12,2,6,41.349969097639615,71.66666666666667,27.85234899328858,4016.0,0.001,71.5428,27.634476361756814,3.16423,26.68792037274305,0.000763267,0.03600000000000001,101.735,0.0269096,0.03700000000000001,424.475,False,results/k1_transpose_B45mm.json
