workload,budget_mm,policy,requested_k,actual_k,link_1,link_2,link_3,link_4,total_wire_length_mm,analytical_latency,analytical_throughput,booksim_low_load,booksim_low_latency,booksim_low_hops,booksim_low_accepted_rate,last_stable_load,last_stable_latency,last_stable_accepted_rate,knee_load,knee_latency,latency_gain_vs_mesh_percent,hop_gain_vs_mesh_percent,analytical_latency_gain_vs_mesh_percent,aware_latency_gain_vs_fixed_percent,aware_hop_gain_vs_fixed_percent,source_result_file,reused_result
random_uniform,5,mesh,0,0,none,none,none,none,0.0,80.66666666666697,8605.71428571429,0.001,80.7861,3.67055,0.0010115,0.05800000000000002,160.829,0.0578653,,,0.0,0.0,0.0,,,results/k1_random_uniform_baseline.json,False
random_uniform,5,fixed,4,1,5<->10,none,none,none,4.794441010848843,77.06666666666693,11474.285714285717,0.001,77.0886,3.53358,0.00101157,0.068,152.121,0.0677619,,,4.576901224344293,3.7315933579436273,4.462809917355401,,,results/fixed_k4_random_uniform_B5mm.json,False
random_uniform,5,workload_aware,4,1,5<->10,none,none,none,4.794441010848843,77.06666666666693,11474.285714285717,0.001,77.0886,3.53358,0.00101157,0.068,152.121,0.0677619,,,4.576901224344293,3.7315933579436273,4.462809917355401,0.0,0.0,results/aware_k4_random_uniform_B5mm.json,False
random_uniform,15,mesh,0,0,none,none,none,none,0.0,80.66666666666697,8605.71428571429,0.001,80.7861,3.67055,0.0010115,0.05800000000000002,160.829,0.0578653,,,0.0,0.0,0.0,,,results/k1_random_uniform_baseline.json,False
random_uniform,15,fixed,4,1,5<->7,none,none,none,11.536102527122114,75.90000000000023,10952.727272727276,0.001,76.1842,3.4936,0.0010115,0.07,132.882,0.0697254,,,5.69640074220689,4.82080342183052,5.909090909090974,,,results/fixed_k4_random_uniform_B15mm.json,False
random_uniform,15,workload_aware,4,1,5<->7,none,none,none,11.536102527122114,75.90000000000023,10952.727272727276,0.001,76.1842,3.4936,0.0010115,0.07,132.882,0.0697254,,,5.69640074220689,4.82080342183052,5.909090909090974,0.0,0.0,results/aware_k4_random_uniform_B15mm.json,False
random_uniform,25,mesh,0,0,none,none,none,none,0.0,80.66666666666697,8605.71428571429,0.001,80.7861,3.67055,0.0010115,0.05800000000000002,160.829,0.0578653,,,0.0,0.0,0.0,,,results/k1_random_uniform_baseline.json,False
random_uniform,25,fixed,4,1,1<->14,none,none,none,23.07220505424423,74.58333333333354,10476.521739130438,0.001,74.5216,3.41452,0.00101157,0.062000000000000006,85.4686,0.0619209,0.063,153.741,7.754428051360318,6.975248940894416,7.541322314049676,,,results/fixed_k4_random_uniform_B25mm.json,False
random_uniform,25,workload_aware,4,1,1<->14,none,none,none,23.07220505424423,74.58333333333354,10476.521739130438,0.001,74.5216,3.41452,0.00101157,0.062000000000000006,85.4686,0.0619209,0.063,153.741,7.754428051360318,6.975248940894416,7.541322314049676,0.0,0.0,results/aware_k4_random_uniform_B25mm.json,False
random_uniform,45,mesh,0,0,none,none,none,none,0.0,80.66666666666697,8605.71428571429,0.001,80.7861,3.67055,0.0010115,0.05800000000000002,160.829,0.0578653,,,0.0,0.0,0.0,,,results/k1_random_uniform_baseline.json,False
random_uniform,45,fixed,4,2,1<->14,8<->11,none,none,43.74718960306404,71.09583333333354,11474.285714285717,0.001,70.8544,3.26679,0.0010112,0.068,75.0841,0.0678851,,,12.29382282348078,10.999986378063236,11.864669421487674,,,results/fixed_k4_random_uniform_B45mm.json,False
random_uniform,45,workload_aware,4,2,1<->14,8<->11,none,none,43.74718960306404,71.09583333333354,11474.285714285717,0.001,70.8544,3.26679,0.0010112,0.068,75.0841,0.0678851,,,12.29382282348078,10.999986378063236,11.864669421487674,0.0,0.0,results/aware_k4_random_uniform_B45mm.json,False
transpose,5,mesh,0,0,none,none,none,none,0.0,99.33333333333333,4016.0,0.001,98.8631,4.31611,0.000762677,0.04100000000000001,108.718,0.0306044,0.04200000000000001,237.645,0.0,0.0,0.0,,,results/k1_transpose_baseline.json,False
transpose,5,fixed,4,1,5<->10,none,none,none,4.794441010848843,99.33333333333333,4016.0,0.001,98.8631,4.31611,0.000762677,0.04100000000000001,108.718,0.0306044,0.04200000000000001,237.645,0.0,0.0,0.0,,,results/fixed_k4_transpose_B5mm.json,False
transpose,5,workload_aware,4,1,1<->4,none,none,none,4.794441010848846,85.83333333333333,4016.0,0.001,85.7166,3.82921,0.000755085,0.04100000000000001,95.174,0.0306279,0.04200000000000001,197.79,13.29768133914474,11.280991448318053,13.590604026845638,13.29768133914474,11.280991448318053,results/aware_k4_transpose_B5mm.json,False
transpose,15,mesh,0,0,none,none,none,none,0.0,99.33333333333333,4016.0,0.001,98.8631,4.31611,0.000762677,0.04100000000000001,108.718,0.0306044,0.04200000000000001,237.645,0.0,0.0,0.0,,,results/k1_transpose_baseline.json,False
transpose,15,fixed,4,1,5<->7,none,none,none,11.536102527122114,90.66666666666667,6024.0,0.001,90.4634,3.99306,0.000762677,0.05000000000000001,111.233,0.0373597,0.05100000000000001,302.385,8.496294370700504,7.484748998519507,8.724832214765092,,,results/fixed_k4_transpose_B15mm.json,False
transpose,15,workload_aware,4,1,6<->13,none,none,none,13.933323032546536,81.66666666666667,6024.0,0.001,81.7382,3.67001,0.000762677,0.062000000000000006,129.909,0.046445,0.063,265.608,17.321831906950113,14.969497997039003,17.78523489932885,9.645005604476491,8.09028664733312,results/aware_k4_transpose_B15mm.json,False
transpose,25,mesh,0,0,none,none,none,none,0.0,99.33333333333333,4016.0,0.001,98.8631,4.31611,0.000762677,0.04100000000000001,108.718,0.0306044,0.04200000000000001,237.645,0.0,0.0,0.0,,,results/k1_transpose_baseline.json,False
transpose,25,fixed,4,1,1<->14,none,none,none,23.07220505424423,95.5,6024.0,0.001,95.0759,4.1515,0.000762677,0.05000000000000001,113.632,0.0372863,0.05100000000000001,313.763,3.8307518174121573,3.8138508981467036,3.859060402684559,,,results/fixed_k4_transpose_B25mm.json,False
transpose,25,workload_aware,4,1,7<->13,none,none,none,23.07220505424423,73.0,6024.0,0.001,73.3389,3.34695,0.000762972,0.062000000000000006,122.146,0.0464545,0.063,245.157,25.8177216777544,22.454478685668345,26.510067114093957,22.862786468495177,19.379742261833076,results/aware_k4_transpose_B25mm.json,False
transpose,45,mesh,0,0,none,none,none,none,0.0,99.33333333333333,4016.0,0.001,98.8631,4.31611,0.000762677,0.04100000000000001,108.718,0.0306044,0.04200000000000001,237.645,0.0,0.0,0.0,,,results/k1_transpose_baseline.json,False
transpose,45,fixed,4,2,1<->14,8<->11,none,none,43.74718960306404,90.83333333333333,6024.0,0.001,90.4665,3.98689,0.000762677,0.062000000000000006,135.957,0.0463851,0.063,299.259,8.493158721504795,7.627701796293428,8.557046979865772,,,results/fixed_k4_transpose_B45mm.json,False
transpose,45,workload_aware,4,1,3<->12,none,none,none,41.349969097639615,71.66666666666667,4016.0,0.001,71.5428,3.16423,0.000763267,0.03600000000000001,101.735,0.0269096,0.03700000000000001,424.475,27.634476361756814,26.68792037274305,27.85234899328858,20.91790883918356,20.63412835568576,results/aware_k4_transpose_B45mm.json,False
permutation,5,mesh,0,0,none,none,none,none,0.0,86.5,8032.0,0.001,86.2283,3.86497,0.00101083,0.05000000000000001,103.204,0.0498057,0.05100000000000001,284.244,0.0,0.0,0.0,,,results/k1_permutation_baseline.json,False
permutation,5,fixed,4,1,5<->10,none,none,none,4.794441010848843,81.4375,8032.0,0.001,81.3285,3.68348,0.00101083,0.05100000000000001,90.1323,0.0507772,,,5.682357184358266,4.695767366887716,5.8526011560693645,,,results/fixed_k4_permutation_B5mm.json,False
permutation,5,workload_aware,4,1,5<->10,none,none,none,4.794441010848843,81.4375,8032.0,0.001,81.3285,3.68348,0.00101083,0.05100000000000001,90.1323,0.0507772,,,5.682357184358266,4.695767366887716,5.8526011560693645,0.0,0.0,results/aware_k4_permutation_B5mm.json,False
permutation,15,mesh,0,0,none,none,none,none,0.0,86.5,8032.0,0.001,86.2283,3.86497,0.00101083,0.05000000000000001,103.204,0.0498057,0.05100000000000001,284.244,0.0,0.0,0.0,,,results/k1_permutation_baseline.json,False
permutation,15,fixed,4,1,5<->7,none,none,none,11.536102527122114,83.25,5354.666666666667,0.001,83.0574,3.74301,0.00101083,0.03800000000000001,88.3094,0.0378943,,,3.6773309922612447,3.155522552568327,3.7572254335260116,,,results/fixed_k4_permutation_B15mm.json,False
permutation,15,workload_aware,4,1,5<->14,none,none,none,13.933323032546536,79.875,8032.0,0.001,79.7829,3.62178,0.00101083,0.05100000000000001,87.4211,0.0507871,,,7.474808154631376,6.292157507044034,7.658959537572255,3.9424542545275956,3.2388371925268626,results/aware_k4_permutation_B15mm.json,False
permutation,25,mesh,0,0,none,none,none,none,0.0,86.5,8032.0,0.001,86.2283,3.86497,0.00101083,0.05000000000000001,103.204,0.0498057,0.05100000000000001,284.244,0.0,0.0,0.0,,,results/k1_permutation_baseline.json,False
permutation,25,fixed,4,1,1<->14,none,none,none,23.07220505424423,80.125,5354.666666666667,0.001,80.0171,3.62142,0.00101083,0.039000000000000014,85.833,0.0388351,,,7.203203588613025,6.30147193898012,7.369942196531792,,,results/fixed_k4_permutation_B25mm.json,False
permutation,25,workload_aware,4,1,4<->14,none,none,none,23.07220505424423,76.625,8032.0,0.001,76.6214,3.50018,0.0010112,0.049000000000000016,95.3594,0.0485621,,,11.141237853465752,9.438365627676285,11.416184971098266,4.243717905297749,3.3478580225436496,results/aware_k4_permutation_B25mm.json,False
permutation,45,mesh,0,0,none,none,none,none,0.0,86.5,8032.0,0.001,86.2283,3.86497,0.00101083,0.05000000000000001,103.204,0.0498057,0.05100000000000001,284.244,0.0,0.0,0.0,,,results/k1_permutation_baseline.json,False
permutation,45,fixed,4,2,1<->14,8<->11,none,none,43.74718960306404,77.25,5354.666666666667,0.001,77.2131,3.49873,0.0010112,0.039000000000000014,82.8988,0.0388425,,,10.45503622360641,9.475882089641054,10.693641618497109,,,results/fixed_k4_permutation_B45mm.json,False
permutation,45,workload_aware,4,3,4<->14,6<->8,2<->5,none,41.79996909763961,66.625,8032.0,0.001,66.8094,3.13212,0.00101157,0.049000000000000016,91.911,0.0485075,,,22.520332651809216,18.961337345438643,22.976878612716764,13.474008944078145,10.47837358127092,results/aware_k4_permutation_B45mm.json,False
hotspot,5,mesh,0,0,none,none,none,none,0.0,83.26515151515159,7091.799331103678,0.001,83.8134,3.77858,0.00101194,0.04600000000000001,101.152,0.0457886,,,0.0,0.0,0.0,,,results/k1_hotspot_baseline.json,False
hotspot,5,fixed,4,1,5<->10,none,none,none,4.794441010848843,78.96969696969708,7091.799331103678,0.001,79.5681,3.62142,0.00101194,0.05000000000000001,92.0331,0.04987,0.05100000000000001,164.874,5.065180508128772,4.159234421396391,5.158766263306288,,,results/fixed_k4_hotspot_B5mm.json,False
hotspot,5,workload_aware,4,1,5<->10,none,none,none,4.794441010848843,78.96969696969708,7091.799331103678,0.001,79.5681,3.62142,0.00101194,0.05000000000000001,92.0331,0.04987,0.05100000000000001,164.874,5.065180508128772,4.159234421396391,5.158766263306288,0.0,0.0,results/aware_k4_hotspot_B5mm.json,False
hotspot,15,mesh,0,0,none,none,none,none,0.0,83.26515151515159,7091.799331103678,0.001,83.8134,3.77858,0.00101194,0.04600000000000001,101.152,0.0457886,,,0.0,0.0,0.0,,,results/k1_hotspot_baseline.json,False
hotspot,15,fixed,4,1,5<->7,none,none,none,11.536102527122114,77.47916666666674,7971.60902255639,0.001,77.9132,3.55172,0.00101194,0.055000000000000014,95.6049,0.0549022,,,7.039685778169121,6.003842713400268,6.948867255026829,,,results/fixed_k4_hotspot_B15mm.json,False
hotspot,15,workload_aware,4,1,4<->6,none,none,none,11.536102527122116,77.23295454545462,7200.162988115449,0.001,77.5047,3.53667,0.0010115,0.05100000000000001,141.31,0.0508455,,,7.527078009005721,6.402140486637833,7.244563733964145,0.5243014020730808,0.4237383577534267,results/aware_k4_hotspot_B15mm.json,False
hotspot,25,mesh,0,0,none,none,none,none,0.0,83.26515151515159,7091.799331103678,0.001,83.8134,3.77858,0.00101194,0.04600000000000001,101.152,0.0457886,,,0.0,0.0,0.0,,,results/k1_hotspot_baseline.json,False
hotspot,25,fixed,4,1,1<->14,none,none,none,23.07220505424423,77.1496212121213,6742.282988871223,0.001,77.2171,3.50853,0.00101194,0.04600000000000001,82.9938,0.0458244,0.047000000000000014,210.001,7.870221229540859,7.146864695202957,7.344645619142905,,,results/fixed_k4_hotspot_B25mm.json,False
hotspot,25,workload_aware,4,1,4<->11,none,none,none,23.07220505424423,74.32007575757588,8124.321839080458,0.001,74.9339,3.41938,0.0010115,0.05300000000000001,77.9999,0.0528409,,,10.59436796502708,9.506216621058703,10.74288053862244,2.9568580016602644,2.5409501985161893,results/aware_k4_hotspot_B25mm.json,False
hotspot,45,mesh,0,0,none,none,none,none,0.0,83.26515151515159,7091.799331103678,0.001,83.8134,3.77858,0.00101194,0.04600000000000001,101.152,0.0457886,,,0.0,0.0,0.0,,,results/k1_hotspot_baseline.json,False
hotspot,45,fixed,4,2,1<->14,8<->11,none,none,43.74718960306404,72.65743371212135,7838.994454713492,0.001,72.9855,3.33902,0.00101157,0.05300000000000001,75.8594,0.0528523,,,12.919055902755407,11.632941475369048,12.739684742061602,,,results/fixed_k4_hotspot_B45mm.json,False
hotspot,45,workload_aware,4,4,4<->11,3<->11,11<->14,1<->4,44.19718960306405,67.24053030303044,7941.752808988762,0.001,67.7942,3.14664,0.00101194,0.055000000000000014,77.6258,0.0548603,,,19.11293420861103,16.724272081046312,19.245291602219904,7.112782676010987,5.761570760282957,results/aware_k4_hotspot_B45mm.json,False
