workload,budget_mm,requested_k,actual_k,link_1,link_1_phy_pair,link_1_length_mm,link_2,link_2_phy_pair,link_2_length_mm,link_3,link_3_phy_pair,link_3_length_mm,link_4,link_4_phy_pair,link_4_length_mm,total_wire_length_mm,final_avg_latency,latency_gain_vs_baseline_percent,final_max_link_load,baseline_max_link_load,analytical_throughput,total_routed_traffic,traffic_wire_cost
random_uniform,5.0,4,1,5<->10,4<->0,4.794441010848843,none,,,none,,,none,,,4.794441010848843,77.06666666666693,4.462809917355401,11.20000000000001,14.933333333333342,11474.285714285717,324.2666666666693,473.0781962183431
random_uniform,15.0,4,1,5<->7,4<->2,11.536102527122114,none,,,none,,,none,,,11.536102527122114,75.90000000000023,5.909090909090974,11.733333333333343,14.933333333333342,10952.727272727276,317.866666666669,645.6647310349388
random_uniform,25.0,4,1,1<->14,4<->0,23.07220505424423,none,,,none,,,none,,,23.07220505424423,74.58333333333354,7.541322314049676,12.266666666666676,14.933333333333342,10476.521739130438,309.33333333333525,905.510462848261
random_uniform,45.0,4,2,1<->14,4<->0,23.07220505424423,8<->11,4<->2,20.674984548819808,none,,,none,,,43.74718960306404,71.09583333333354,11.864669421487674,11.20000000000001,14.933333333333342,11474.285714285717,291.200000000001,1112.7347493473108
transpose,5.0,4,1,1<->4,2<->6,4.794441010848846,none,,,none,,,none,,,4.794441010848846,85.83333333333333,13.590604026845638,24.0,24.0,4016.0,272.0,515.4218651282802
transpose,15.0,4,1,6<->13,2<->6,13.933323032546536,none,,,none,,,none,,,13.933323032546536,81.66666666666667,17.78523489932885,16.0,24.0,6024.0,256.0,731.1550336490246
transpose,25.0,4,1,7<->13,2<->6,23.07220505424423,none,,,none,,,none,,,23.07220505424423,73.0,26.510067114093957,16.0,24.0,6024.0,224.0,982.8437302565601
transpose,45.0,4,1,3<->12,2<->6,41.349969097639615,none,,,none,,,none,,,41.349969097639615,71.66666666666667,27.85234899328858,24.0,24.0,4016.0,208.0,2188.5761571206563
permutation,5.0,4,1,5<->10,4<->0,4.794441010848843,none,,,none,,,none,,,4.794441010848843,81.4375,5.8526011560693645,16.0,16.0,8032.0,344.0,522.62186512828
permutation,15.0,4,1,5<->14,4<->0,13.933323032546536,none,,,none,,,none,,,13.933323032546536,79.875,7.658959537572255,16.0,16.0,8032.0,336.0,630.4884493886525
permutation,25.0,4,1,4<->14,4<->0,23.07220505424423,none,,,none,,,none,,,23.07220505424423,76.625,11.416184971098266,16.0,16.0,8032.0,320.0,756.3327976924202
permutation,45.0,4,3,4<->14,4<->0,23.07220505424423,6<->8,2<->6,13.933323032546538,2<->5,2<->6,4.794441010848844,none,,,41.79996909763961,66.625,22.976878612716764,16.0,16.0,8032.0,272.0,954.0882021697696
hotspot,5.0,4,1,5<->10,4<->0,4.794441010848843,none,,,none,,,none,,,4.794441010848843,78.96969696969708,5.158766263306288,18.121212121212118,18.121212121212118,7091.799331103678,332.8484848484873,495.616160159358
hotspot,15.0,4,1,4<->6,4<->2,11.536102527122116,none,,,none,,,none,,,11.536102527122116,77.23295454545462,7.244563733964145,17.848484848484844,18.121212121212118,7200.162988115449,323.5151515151539,716.797135965971
hotspot,25.0,4,1,4<->11,4<->0,23.07220505424423,none,,,none,,,none,,,23.07220505424423,74.32007575757588,10.74288053862244,15.818181818181817,18.121212121212118,8124.321839080458,306.90909090909304,1051.446043666697
hotspot,45.0,4,4,4<->11,4<->0,23.07220505424423,3<->11,4<->6,11.536102527122116,11<->14,2<->6,4.79444101084885,1<->4,2<->6,4.794441010848846,44.19718960306405,67.24053030303044,19.245291602219904,16.18181818181818,18.121212121212118,7941.752808988762,272.3636363636382,1283.6872811340158
