workload,seed,budget_mm,requested_k,actual_k,link_1,link_1_phy_pair,link_1_length_mm,link_2,link_2_phy_pair,link_2_length_mm,link_3,link_3_phy_pair,link_3_length_mm,link_4,link_4_phy_pair,link_4_length_mm,total_wire_length_mm,baseline_avg_latency,final_avg_latency,latency_gain_vs_baseline_percent,baseline_max_link_load,final_max_link_load,baseline_throughput,final_throughput,baseline_total_routed_traffic,baseline_traffic_wire_cost,total_routed_traffic,traffic_wire_cost
permutation,42,5.0,1,1,5<->10,4<->0,4.794441010848843,,,,,,,,,,4.794441010848843,86.5,81.4375,5.8526011560693645,16.0,16.0,8032.0,8032.0,368.0,468.6885729980937,344.0,522.62186512828
permutation,42,5.0,2,1,5<->10,4<->0,4.794441010848843,,,,,,,,,,4.794441010848843,86.5,81.4375,5.8526011560693645,16.0,16.0,8032.0,8032.0,368.0,468.6885729980937,344.0,522.62186512828
permutation,42,5.0,4,1,5<->10,4<->0,4.794441010848843,,,,,,,,,,4.794441010848843,86.5,81.4375,5.8526011560693645,16.0,16.0,8032.0,8032.0,368.0,468.6885729980937,344.0,522.62186512828
permutation,42,15.0,1,1,5<->14,4<->0,13.933323032546536,,,,,,,,,,13.933323032546536,86.5,79.875,7.658959537572255,16.0,16.0,8032.0,8032.0,368.0,468.6885729980937,336.0,630.4884493886525
permutation,42,15.0,2,1,5<->14,4<->0,13.933323032546536,,,,,,,,,,13.933323032546536,86.5,79.875,7.658959537572255,16.0,16.0,8032.0,8032.0,368.0,468.6885729980937,336.0,630.4884493886525
permutation,42,15.0,4,1,5<->14,4<->0,13.933323032546536,,,,,,,,,,13.933323032546536,86.5,79.875,7.658959537572255,16.0,16.0,8032.0,8032.0,368.0,468.6885729980937,336.0,630.4884493886525
permutation,42,25.0,1,1,4<->14,4<->0,23.07220505424423,,,,,,,,,,23.07220505424423,86.5,76.625,11.416184971098266,16.0,16.0,8032.0,8032.0,368.0,468.6885729980937,320.0,756.3327976924202
permutation,42,25.0,2,1,4<->14,4<->0,23.07220505424423,,,,,,,,,,23.07220505424423,86.5,76.625,11.416184971098266,16.0,16.0,8032.0,8032.0,368.0,468.6885729980937,320.0,756.3327976924202
permutation,42,25.0,4,1,4<->14,4<->0,23.07220505424423,,,,,,,,,,23.07220505424423,86.5,76.625,11.416184971098266,16.0,16.0,8032.0,8032.0,368.0,468.6885729980937,320.0,756.3327976924202
permutation,42,45.0,1,1,4<->14,4<->0,23.07220505424423,,,,,,,,,,23.07220505424423,86.5,76.625,11.416184971098266,16.0,16.0,8032.0,8032.0,368.0,468.6885729980937,320.0,756.3327976924202
permutation,42,45.0,2,2,4<->14,4<->0,23.07220505424423,6<->8,2<->6,13.933323032546538,,,,,,,37.00552808679077,86.5,70.0,19.07514450867052,16.0,16.0,8032.0,8032.0,368.0,468.6885729980937,288.0,918.1326740829791
permutation,42,45.0,4,3,4<->14,4<->0,23.07220505424423,6<->8,2<->6,13.933323032546538,2<->5,2<->6,4.794441010848844,,,,41.79996909763961,86.5,66.625,22.976878612716764,16.0,16.0,8032.0,8032.0,368.0,468.6885729980937,272.0,954.0882021697696
permutation,43,5.0,1,1,5<->10,4<->0,4.794441010848843,,,,,,,,,,4.794441010848843,72.5,69.125,4.655172413793103,16.0,16.0,8032.0,8032.0,304.0,387.1775168245124,288.0,423.1330449113033
permutation,43,5.0,2,1,5<->10,4<->0,4.794441010848843,,,,,,,,,,4.794441010848843,72.5,69.125,4.655172413793103,16.0,16.0,8032.0,8032.0,304.0,387.1775168245124,288.0,423.1330449113033
permutation,43,5.0,4,1,5<->10,4<->0,4.794441010848843,,,,,,,,,,4.794441010848843,72.5,69.125,4.655172413793103,16.0,16.0,8032.0,8032.0,304.0,387.1775168245124,288.0,423.1330449113033
permutation,43,15.0,1,1,2<->10,2<->0,11.536102527122116,,,,,,,,,,11.536102527122116,72.5,67.625,6.724137931034483,16.0,16.0,8032.0,8032.0,304.0,387.1775168245124,280.0,602.9106853452572
permutation,43,15.0,2,1,2<->10,2<->0,11.536102527122116,,,,,,,,,,11.536102527122116,72.5,67.625,6.724137931034483,16.0,16.0,8032.0,8032.0,304.0,387.1775168245124,280.0,602.9106853452572
permutation,43,15.0,4,1,2<->10,2<->0,11.536102527122116,,,,,,,,,,11.536102527122116,72.5,67.625,6.724137931034483,16.0,16.0,8032.0,8032.0,304.0,387.1775168245124,280.0,602.9106853452572
permutation,43,25.0,1,1,7<->8,2<->6,23.07220505424423,,,,,,,,,,23.07220505424423,72.5,67.5625,6.810344827586207,16.0,16.0,8032.0,8032.0,304.0,387.1775168245124,280.0,530.9996291716755
permutation,43,25.0,2,1,7<->8,2<->6,23.07220505424423,,,,,,,,,,23.07220505424423,72.5,67.5625,6.810344827586207,16.0,16.0,8032.0,8032.0,304.0,387.1775168245124,280.0,530.9996291716755
permutation,43,25.0,4,1,7<->8,2<->6,23.07220505424423,,,,,,,,,,23.07220505424423,72.5,67.5625,6.810344827586207,16.0,16.0,8032.0,8032.0,304.0,387.1775168245124,280.0,530.9996291716755
permutation,43,45.0,1,1,7<->8,2<->6,23.07220505424423,,,,,,,,,,23.07220505424423,72.5,67.5625,6.810344827586207,16.0,16.0,8032.0,8032.0,304.0,387.1775168245124,280.0,530.9996291716755
permutation,43,45.0,2,2,7<->8,2<->6,23.07220505424423,2<->10,2<->0,11.536102527122116,,,,,,,34.60830758136635,72.5,62.6875,13.53448275862069,16.0,16.0,8032.0,8032.0,304.0,387.1775168245124,256.0,746.7327976924206
permutation,43,45.0,4,4,7<->8,2<->6,23.07220505424423,2<->10,2<->0,11.536102527122116,11<->14,2<->6,4.79444101084885,1<->6,4<->0,4.794441010848844,44.19718960306404,72.5,57.625,20.517241379310345,16.0,16.0,8032.0,8032.0,304.0,387.1775168245124,232.0,800.6660898226068
permutation,44,5.0,1,1,1<->6,4<->0,4.794441010848844,,,,,,,,,,4.794441010848844,83.0,77.9375,6.099397590361446,16.0,16.0,8032.0,8032.0,352.0,448.3108089546984,328.0,502.24410108488456
permutation,44,5.0,2,1,1<->6,4<->0,4.794441010848844,,,,,,,,,,4.794441010848844,83.0,77.9375,6.099397590361446,16.0,16.0,8032.0,8032.0,352.0,448.3108089546984,328.0,502.24410108488456
permutation,44,5.0,4,1,1<->6,4<->0,4.794441010848844,,,,,,,,,,4.794441010848844,83.0,77.9375,6.099397590361446,16.0,16.0,8032.0,8032.0,352.0,448.3108089546984,328.0,502.24410108488456
permutation,44,15.0,1,1,2<->11,4<->0,13.933323032546541,,,,,,,,,,13.933323032546541,83.0,76.375,7.981927710843373,16.0,16.0,8032.0,8032.0,352.0,448.3108089546984,320.0,610.1106853452573
permutation,44,15.0,2,1,2<->11,4<->0,13.933323032546541,,,,,,,,,,13.933323032546541,83.0,76.375,7.981927710843373,16.0,16.0,8032.0,8032.0,352.0,448.3108089546984,320.0,610.1106853452573
permutation,44,15.0,4,1,2<->11,4<->0,13.933323032546541,,,,,,,,,,13.933323032546541,83.0,76.375,7.981927710843373,16.0,16.0,8032.0,8032.0,352.0,448.3108089546984,320.0,610.1106853452573
permutation,44,25.0,1,1,1<->11,4<->0,23.07220505424423,,,,,,,,,,23.07220505424423,83.0,75.1875,9.412650602409638,16.0,16.0,8032.0,8032.0,352.0,448.3108089546984,312.0,920.5326740829792
permutation,44,25.0,2,1,1<->11,4<->0,23.07220505424423,,,,,,,,,,23.07220505424423,83.0,75.1875,9.412650602409638,16.0,16.0,8032.0,8032.0,352.0,448.3108089546984,312.0,920.5326740829792
permutation,44,25.0,4,1,1<->11,4<->0,23.07220505424423,,,,,,,,,,23.07220505424423,83.0,75.1875,9.412650602409638,16.0,16.0,8032.0,8032.0,352.0,448.3108089546984,312.0,920.5326740829792
permutation,44,45.0,1,1,1<->11,4<->0,23.07220505424423,,,,,,,,,,23.07220505424423,83.0,75.1875,9.412650602409638,16.0,16.0,8032.0,8032.0,352.0,448.3108089546984,312.0,920.5326740829792
permutation,44,45.0,2,2,1<->11,4<->0,23.07220505424423,8<->11,4<->2,20.674984548819808,,,,,,,43.74718960306404,83.0,68.8125,17.093373493975903,16.0,16.0,8032.0,8032.0,352.0,448.3108089546984,280.0,1190.1991347339094
permutation,44,45.0,4,2,1<->11,4<->0,23.07220505424423,8<->11,4<->2,20.674984548819808,,,,,,,43.74718960306404,83.0,68.8125,17.093373493975903,16.0,16.0,8032.0,8032.0,352.0,448.3108089546984,280.0,1190.1991347339094
permutation,45,5.0,1,1,5<->10,4<->0,4.794441010848843,,,,,,,,,,4.794441010848843,79.5,74.4375,6.367924528301887,16.0,16.0,8032.0,8032.0,336.0,427.9330449113031,312.0,481.86633704148926
permutation,45,5.0,2,1,5<->10,4<->0,4.794441010848843,,,,,,,,,,4.794441010848843,79.5,74.4375,6.367924528301887,16.0,16.0,8032.0,8032.0,336.0,427.9330449113031,312.0,481.86633704148926
permutation,45,5.0,4,1,5<->10,4<->0,4.794441010848843,,,,,,,,,,4.794441010848843,79.5,74.4375,6.367924528301887,16.0,16.0,8032.0,8032.0,336.0,427.9330449113031,312.0,481.86633704148926
permutation,45,15.0,1,1,6<->14,2<->0,11.536102527122114,,,,,,,,,,11.536102527122114,79.5,73.0,8.176100628930818,16.0,16.0,8032.0,8032.0,336.0,427.9330449113031,304.0,715.5772696056292
permutation,45,15.0,2,1,6<->14,2<->0,11.536102527122114,,,,,,,,,,11.536102527122114,79.5,73.0,8.176100628930818,16.0,16.0,8032.0,8032.0,336.0,427.9330449113031,304.0,715.5772696056292
permutation,45,15.0,4,1,6<->14,2<->0,11.536102527122114,,,,,,,,,,11.536102527122114,79.5,73.0,8.176100628930818,16.0,16.0,8032.0,8032.0,336.0,427.9330449113031,304.0,715.5772696056292
permutation,45,25.0,1,1,5<->15,4<->0,23.07220505424423,,,,,,,,,,23.07220505424423,79.5,70.25,11.635220125786164,16.0,16.0,8032.0,8032.0,336.0,427.9330449113031,288.0,1064.354786430142
permutation,45,25.0,2,1,5<->15,4<->0,23.07220505424423,,,,,,,,,,23.07220505424423,79.5,70.25,11.635220125786164,16.0,16.0,8032.0,8032.0,336.0,427.9330449113031,288.0,1064.354786430142
permutation,45,25.0,4,1,5<->15,4<->0,23.07220505424423,,,,,,,,,,23.07220505424423,79.5,70.25,11.635220125786164,16.0,16.0,8032.0,8032.0,336.0,427.9330449113031,288.0,1064.354786430142
permutation,45,45.0,1,1,5<->15,4<->0,23.07220505424423,,,,,,,,,,23.07220505424423,79.5,70.25,11.635220125786164,16.0,16.0,8032.0,8032.0,336.0,427.9330449113031,288.0,1064.354786430142
permutation,45,45.0,2,2,5<->15,4<->0,23.07220505424423,1<->13,2<->0,20.674984548819808,,,,,,,43.74718960306404,79.5,65.625,17.452830188679247,16.0,16.0,8032.0,8032.0,336.0,427.9330449113031,264.0,1325.0323650593753
permutation,45,45.0,4,2,5<->15,4<->0,23.07220505424423,1<->13,2<->0,20.674984548819808,,,,,,,43.74718960306404,79.5,65.625,17.452830188679247,16.0,16.0,8032.0,8032.0,336.0,427.9330449113031,264.0,1325.0323650593753
permutation,46,5.0,1,1,5<->10,4<->0,4.794441010848843,,,,,,,,,,4.794441010848843,83.0,79.625,4.066265060240964,16.0,16.0,8032.0,8032.0,352.0,448.3108089546985,336.0,484.26633704148924
permutation,46,5.0,2,1,5<->10,4<->0,4.794441010848843,,,,,,,,,,4.794441010848843,83.0,79.625,4.066265060240964,16.0,16.0,8032.0,8032.0,352.0,448.3108089546985,336.0,484.26633704148924
permutation,46,5.0,4,1,5<->10,4<->0,4.794441010848843,,,,,,,,,,4.794441010848843,83.0,79.625,4.066265060240964,16.0,16.0,8032.0,8032.0,352.0,448.3108089546985,336.0,484.26633704148924
permutation,46,15.0,1,1,11<->13,2<->6,13.93332303254654,,,,,,,,,,13.93332303254654,83.0,76.375,7.981927710843373,16.0,16.0,8032.0,8032.0,352.0,448.3108089546985,320.0,610.1106853452573
permutation,46,15.0,2,1,11<->13,2<->6,13.93332303254654,,,,,,,,,,13.93332303254654,83.0,76.375,7.981927710843373,16.0,16.0,8032.0,8032.0,352.0,448.3108089546985,320.0,610.1106853452573
permutation,46,15.0,4,1,11<->13,2<->6,13.93332303254654,,,,,,,,,,13.93332303254654,83.0,76.375,7.981927710843373,16.0,16.0,8032.0,8032.0,352.0,448.3108089546985,320.0,610.1106853452573
permutation,46,25.0,1,1,8<->11,4<->2,20.674984548819808,,,,,,,,,,20.674984548819808,83.0,73.4375,11.521084337349398,16.0,16.0,8032.0,8032.0,352.0,448.3108089546985,304.0,852.8104999310954
permutation,46,25.0,2,1,8<->11,4<->2,20.674984548819808,,,,,,,,,,20.674984548819808,83.0,73.4375,11.521084337349398,16.0,16.0,8032.0,8032.0,352.0,448.3108089546985,304.0,852.8104999310954
permutation,46,25.0,4,1,8<->11,4<->2,20.674984548819808,,,,,,,,,,20.674984548819808,83.0,73.4375,11.521084337349398,16.0,16.0,8032.0,8032.0,352.0,448.3108089546985,304.0,852.8104999310954
permutation,46,45.0,1,1,8<->11,4<->2,20.674984548819808,,,,,,,,,,20.674984548819808,83.0,73.4375,11.521084337349398,16.0,16.0,8032.0,8032.0,352.0,448.3108089546985,304.0,852.8104999310954
permutation,46,45.0,2,2,8<->11,4<->2,20.674984548819808,6<->14,2<->0,11.536102527122114,,,,,,,32.21108707594192,83.0,66.9375,19.352409638554217,16.0,16.0,8032.0,8032.0,352.0,448.3108089546985,272.0,1140.4547246254215
permutation,46,45.0,4,4,8<->11,4<->2,20.674984548819808,6<->14,2<->0,11.536102527122114,3<->6,2<->6,4.794441010848848,4<->9,4<->0,4.794441010848844,41.79996909763961,83.0,61.875,25.451807228915662,16.0,16.0,8032.0,8032.0,352.0,448.3108089546985,248.0,1194.3880167556074
hotspot,42,5.0,1,1,5<->10,4<->0,4.794441010848843,,,,,,,,,,4.794441010848843,83.26515151515159,78.96969696969708,5.158766263306288,18.121212121212118,18.121212121212118,7091.799331103678,7091.799331103678,353.2121212121238,449.85457895798805,332.8484848484873,495.616160159358
hotspot,42,5.0,2,1,5<->10,4<->0,4.794441010848843,,,,,,,,,,4.794441010848843,83.26515151515159,78.96969696969708,5.158766263306288,18.121212121212118,18.121212121212118,7091.799331103678,7091.799331103678,353.2121212121238,449.85457895798805,332.8484848484873,495.616160159358
hotspot,42,5.0,4,1,5<->10,4<->0,4.794441010848843,,,,,,,,,,4.794441010848843,83.26515151515159,78.96969696969708,5.158766263306288,18.121212121212118,18.121212121212118,7091.799331103678,7091.799331103678,353.2121212121238,449.85457895798805,332.8484848484873,495.616160159358
hotspot,42,15.0,1,1,4<->6,4<->2,11.536102527122116,,,,,,,,,,11.536102527122116,83.26515151515159,77.23295454545462,7.244563733964145,18.121212121212118,17.848484848484844,7091.799331103678,7200.162988115449,353.2121212121238,449.85457895798805,323.5151515151539,716.797135965971
hotspot,42,15.0,2,1,4<->6,4<->2,11.536102527122116,,,,,,,,,,11.536102527122116,83.26515151515159,77.23295454545462,7.244563733964145,18.121212121212118,17.848484848484844,7091.799331103678,7200.162988115449,353.2121212121238,449.85457895798805,323.5151515151539,716.797135965971
hotspot,42,15.0,4,1,4<->6,4<->2,11.536102527122116,,,,,,,,,,11.536102527122116,83.26515151515159,77.23295454545462,7.244563733964145,18.121212121212118,17.848484848484844,7091.799331103678,7200.162988115449,353.2121212121238,449.85457895798805,323.5151515151539,716.797135965971
hotspot,42,25.0,1,1,4<->11,4<->0,23.07220505424423,,,,,,,,,,23.07220505424423,83.26515151515159,74.32007575757588,10.74288053862244,18.121212121212118,15.818181818181817,7091.799331103678,8124.321839080458,353.2121212121238,449.85457895798805,306.90909090909304,1051.446043666697
hotspot,42,25.0,2,1,4<->11,4<->0,23.07220505424423,,,,,,,,,,23.07220505424423,83.26515151515159,74.32007575757588,10.74288053862244,18.121212121212118,15.818181818181817,7091.799331103678,8124.321839080458,353.2121212121238,449.85457895798805,306.90909090909304,1051.446043666697
hotspot,42,25.0,4,1,4<->11,4<->0,23.07220505424423,,,,,,,,,,23.07220505424423,83.26515151515159,74.32007575757588,10.74288053862244,18.121212121212118,15.818181818181817,7091.799331103678,8124.321839080458,353.2121212121238,449.85457895798805,306.90909090909304,1051.446043666697
hotspot,42,45.0,1,1,4<->11,4<->0,23.07220505424423,,,,,,,,,,23.07220505424423,83.26515151515159,74.32007575757588,10.74288053862244,18.121212121212118,15.818181818181817,7091.799331103678,8124.321839080458,353.2121212121238,449.85457895798805,306.90909090909304,1051.446043666697
hotspot,42,45.0,2,2,4<->11,4<->0,23.07220505424423,3<->11,4<->6,11.536102527122116,,,,,,,34.60830758136635,83.26515151515159,70.90601325757589,14.843110272040672,18.121212121212118,15.12121212121212,7091.799331103678,8498.789579158314,353.2121212121238,449.85457895798805,290.1818181818203,1193.765210874375
hotspot,42,45.0,4,4,4<->11,4<->0,23.07220505424423,3<->11,4<->6,11.536102527122116,11<->14,2<->6,4.79444101084885,1<->4,2<->6,4.794441010848846,44.19718960306405,83.26515151515159,67.24053030303044,19.245291602219904,18.121212121212118,16.18181818181818,7091.799331103678,7941.752808988762,353.2121212121238,449.85457895798805,272.3636363636382,1283.6872811340158
hotspot,43,5.0,1,1,5<->10,4<->0,4.794441010848843,,,,,,,,,,4.794441010848843,82.36363636363646,78.06818181818191,5.215231788079466,18.121212121212118,13.48484848484848,7091.799331103678,9530.103370786515,349.0909090909107,444.6057609468094,328.72727272727474,490.3673421481795
hotspot,43,5.0,2,1,5<->10,4<->0,4.794441010848843,,,,,,,,,,4.794441010848843,82.36363636363646,78.06818181818191,5.215231788079466,18.121212121212118,13.48484848484848,7091.799331103678,9530.103370786515,349.0909090909107,444.6057609468094,328.72727272727474,490.3673421481795
hotspot,43,5.0,4,1,5<->10,4<->0,4.794441010848843,,,,,,,,,,4.794441010848843,82.36363636363646,78.06818181818191,5.215231788079466,18.121212121212118,13.48484848484848,7091.799331103678,9530.103370786515,349.0909090909107,444.6057609468094,328.72727272727474,490.3673421481795
hotspot,43,15.0,1,1,9<->11,4<->2,11.536102527122114,,,,,,,,,,11.536102527122114,82.36363636363646,76.82386363636373,6.725993377483444,18.121212121212118,13.969696969696965,7091.799331103678,9199.340563991322,349.0909090909107,444.6057609468094,321.81818181818426,689.7570888112863
hotspot,43,15.0,2,1,9<->11,4<->2,11.536102527122114,,,,,,,,,,11.536102527122114,82.36363636363646,76.82386363636373,6.725993377483444,18.121212121212118,13.969696969696965,7091.799331103678,9199.340563991322,349.0909090909107,444.6057609468094,321.81818181818426,689.7570888112863
hotspot,43,15.0,4,1,9<->11,4<->2,11.536102527122114,,,,,,,,,,11.536102527122114,82.36363636363646,76.82386363636373,6.725993377483444,18.121212121212118,13.969696969696965,7091.799331103678,9199.340563991322,349.0909090909107,444.6057609468094,321.81818181818426,689.7570888112863
hotspot,43,25.0,1,1,4<->11,4<->0,23.07220505424423,,,,,,,,,,23.07220505424423,82.36363636363646,74.59375000000011,9.43363686534213,18.121212121212118,15.909090909090907,7091.799331103678,8077.897142857141,349.0909090909107,444.6057609468094,308.48484848485106,1013.8191359409124
hotspot,43,25.0,2,1,4<->11,4<->0,23.07220505424423,,,,,,,,,,23.07220505424423,82.36363636363646,74.59375000000011,9.43363686534213,18.121212121212118,15.909090909090907,7091.799331103678,8077.897142857141,349.0909090909107,444.6057609468094,308.48484848485106,1013.8191359409124
hotspot,43,25.0,4,1,4<->11,4<->0,23.07220505424423,,,,,,,,,,23.07220505424423,82.36363636363646,74.59375000000011,9.43363686534213,18.121212121212118,15.909090909090907,7091.799331103678,8077.897142857141,349.0909090909107,444.6057609468094,308.48484848485106,1013.8191359409124
hotspot,43,45.0,1,1,4<->11,4<->0,23.07220505424423,,,,,,,,,,23.07220505424423,82.36363636363646,74.59375000000011,9.43363686534213,18.121212121212118,15.909090909090907,7091.799331103678,8077.897142857141,349.0909090909107,444.6057609468094,308.48484848485106,1013.8191359409124
hotspot,43,45.0,2,2,4<->11,4<->0,23.07220505424423,1<->13,2<->0,20.674984548819808,,,,,,,43.74718960306404,82.36363636363646,70.63707386363647,14.23754828918319,18.121212121212118,14.45454545454545,7091.799331103678,8890.767295597483,349.0909090909107,444.6057609468094,287.39393939394154,1305.1173572089324
hotspot,43,45.0,4,2,4<->11,4<->0,23.07220505424423,1<->13,2<->0,20.674984548819808,,,,,,,43.74718960306404,82.36363636363646,70.63707386363647,14.23754828918319,18.121212121212118,14.45454545454545,7091.799331103678,8890.767295597483,349.0909090909107,444.6057609468094,287.39393939394154,1305.1173572089324
hotspot,44,5.0,1,1,5<->8,2<->6,4.794441010848844,,,,,,,,,,4.794441010848844,80.34848484848504,77.74053030303052,3.2458042617385967,12.666666666666664,12.666666666666664,10145.684210526315,10145.684210526315,339.87878787878896,432.8731089218233,327.51515151515247,460.6569260797977
hotspot,44,5.0,2,1,5<->8,2<->6,4.794441010848844,,,,,,,,,,4.794441010848844,80.34848484848504,77.74053030303052,3.2458042617385967,12.666666666666664,12.666666666666664,10145.684210526315,10145.684210526315,339.87878787878896,432.8731089218233,327.51515151515247,460.6569260797977
hotspot,44,5.0,4,1,5<->8,2<->6,4.794441010848844,,,,,,,,,,4.794441010848844,80.34848484848504,77.74053030303052,3.2458042617385967,12.666666666666664,12.666666666666664,10145.684210526315,10145.684210526315,339.87878787878896,432.8731089218233,327.51515151515247,460.6569260797977
hotspot,44,15.0,1,1,4<->6,4<->2,11.536102527122116,,,,,,,,,,11.536102527122116,80.34848484848504,76.11363636363657,5.270601546294519,12.666666666666664,12.666666666666664,10145.684210526315,10145.684210526315,339.87878787878896,432.8731089218233,319.03030303030386,620.2776795560023
hotspot,44,15.0,2,1,4<->6,4<->2,11.536102527122116,,,,,,,,,,11.536102527122116,80.34848484848504,76.11363636363657,5.270601546294519,12.666666666666664,12.666666666666664,10145.684210526315,10145.684210526315,339.87878787878896,432.8731089218233,319.03030303030386,620.2776795560023
hotspot,44,15.0,4,1,4<->6,4<->2,11.536102527122116,,,,,,,,,,11.536102527122116,80.34848484848504,76.11363636363657,5.270601546294519,12.666666666666664,12.666666666666664,10145.684210526315,10145.684210526315,339.87878787878896,432.8731089218233,319.03030303030386,620.2776795560023
hotspot,44,25.0,1,1,0<->13,4<->0,23.07220505424423,,,,,,,,,,23.07220505424423,80.34848484848504,75.53125000000018,5.995427116726379,12.666666666666664,12.27272727272727,10145.684210526315,10471.348148148147,339.87878787878896,432.8731089218233,314.5454545454556,804.873164899702
hotspot,44,25.0,2,1,0<->13,4<->0,23.07220505424423,,,,,,,,,,23.07220505424423,80.34848484848504,75.53125000000018,5.995427116726379,12.666666666666664,12.27272727272727,10145.684210526315,10471.348148148147,339.87878787878896,432.8731089218233,314.5454545454556,804.873164899702
hotspot,44,25.0,4,1,0<->13,4<->0,23.07220505424423,,,,,,,,,,23.07220505424423,80.34848484848504,75.53125000000018,5.995427116726379,12.666666666666664,12.27272727272727,10145.684210526315,10471.348148148147,339.87878787878896,432.8731089218233,314.5454545454556,804.873164899702
hotspot,44,45.0,1,1,0<->13,4<->0,23.07220505424423,,,,,,,,,,23.07220505424423,80.34848484848504,75.53125000000018,5.995427116726379,12.666666666666664,12.27272727272727,10145.684210526315,10471.348148148147,339.87878787878896,432.8731089218233,314.5454545454556,804.873164899702
hotspot,44,45.0,2,2,0<->13,4<->0,23.07220505424423,9<->11,4<->2,11.536102527122114,,,,,,,34.60830758136635,80.34848484848504,70.97537878787898,11.66556666038089,12.666666666666664,12.27272727272727,10145.684210526315,10471.348148148147,339.87878787878896,432.8731089218233,292.242424242426,992.7676338994919
hotspot,44,45.0,4,4,0<->13,4<->0,23.07220505424423,9<->11,4<->2,11.536102527122114,5<->8,2<->6,4.794441010848844,2<->5,2<->6,4.794441010848844,44.19718960306403,80.34848484848504,67.82670454545472,15.584339053366008,12.666666666666664,11.545454545454543,10145.684210526315,11130.96062992126,339.87878787878896,432.8731089218233,277.6969696969718,968.6333085695627
hotspot,45,5.0,1,1,6<->9,2<->6,4.794441010848843,,,,,,,,,,4.794441010848843,79.28787878787887,74.99242424242435,5.417542518631721,16.121212121212118,13.151515151515149,7971.60902255639,9771.649769585252,335.0303030303059,426.6980289086761,314.66666666666936,472.45961011004573
hotspot,45,5.0,2,1,6<->9,2<->6,4.794441010848843,,,,,,,,,,4.794441010848843,79.28787878787887,74.99242424242435,5.417542518631721,16.121212121212118,13.151515151515149,7971.60902255639,9771.649769585252,335.0303030303059,426.6980289086761,314.66666666666936,472.45961011004573
hotspot,45,5.0,4,1,6<->9,2<->6,4.794441010848843,,,,,,,,,,4.794441010848843,79.28787878787887,74.99242424242435,5.417542518631721,16.121212121212118,13.151515151515149,7971.60902255639,9771.649769585252,335.0303030303059,426.6980289086761,314.66666666666936,472.45961011004573
hotspot,45,15.0,1,1,6<->8,2<->6,13.933323032546538,,,,,,,,,,13.933323032546538,79.28787878787887,74.42803030303041,6.129371297534832,16.121212121212118,13.090909090909086,7971.60902255639,9816.888888888889,335.0303030303059,426.6980289086761,310.7878787878813,635.206288679784
hotspot,45,15.0,2,1,6<->8,2<->6,13.933323032546538,,,,,,,,,,13.933323032546538,79.28787878787887,74.42803030303041,6.129371297534832,16.121212121212118,13.090909090909086,7971.60902255639,9816.888888888889,335.0303030303059,426.6980289086761,310.7878787878813,635.206288679784
hotspot,45,15.0,4,1,6<->8,2<->6,13.933323032546538,,,,,,,,,,13.933323032546538,79.28787878787887,74.42803030303041,6.129371297534832,16.121212121212118,13.090909090909086,7971.60902255639,9816.888888888889,335.0303030303059,426.6980289086761,310.7878787878813,635.206288679784
hotspot,45,25.0,1,1,7<->8,2<->6,23.07220505424423,,,,,,,,,,23.07220505424423,79.28787878787887,71.409090909091,9.936938658513249,16.121212121212118,15.212121212121211,7971.60902255639,8447.999999999996,335.0303030303059,426.6980289086761,293.8181818181841,1008.3507884778156
hotspot,45,25.0,2,1,7<->8,2<->6,23.07220505424423,,,,,,,,,,23.07220505424423,79.28787878787887,71.409090909091,9.936938658513249,16.121212121212118,15.212121212121211,7971.60902255639,8447.999999999996,335.0303030303059,426.6980289086761,293.8181818181841,1008.3507884778156
hotspot,45,25.0,4,1,7<->8,2<->6,23.07220505424423,,,,,,,,,,23.07220505424423,79.28787878787887,71.409090909091,9.936938658513249,16.121212121212118,15.212121212121211,7971.60902255639,8447.999999999996,335.0303030303059,426.6980289086761,293.8181818181841,1008.3507884778156
hotspot,45,45.0,1,1,7<->8,2<->6,23.07220505424423,,,,,,,,,,23.07220505424423,79.28787878787887,71.409090909091,9.936938658513249,16.121212121212118,15.212121212121211,7971.60902255639,8447.999999999996,335.0303030303059,426.6980289086761,293.8181818181841,1008.3507884778156
hotspot,45,45.0,2,2,7<->8,2<->6,23.07220505424423,6<->14,2<->0,11.536102527122114,,,,,,,34.60830758136635,79.28787878787887,68.76562500000014,13.270948786546823,16.121212121212118,15.515151515151514,7971.60902255639,8282.999999999996,335.0303030303059,426.6980289086761,280.60606060606267,1153.7804756461253
hotspot,45,45.0,4,4,7<->8,2<->6,23.07220505424423,6<->14,2<->0,11.536102527122114,1<->6,4<->0,4.794441010848844,8<->13,4<->0,4.794441010848848,44.19718960306404,79.28787878787887,65.32078598484864,17.615672176571643,16.121212121212118,14.515151515151514,7971.60902255639,8853.645093945717,335.0303030303059,426.6980289086761,264.72727272727445,1131.3117210940181
hotspot,46,5.0,1,1,6<->9,2<->6,4.794441010848843,,,,,,,,,,4.794441010848843,79.28787878787887,74.99242424242436,5.417542518631702,17.333333333333325,14.787878787878785,7414.153846153847,8690.360655737702,335.03030303030573,426.6980289086758,314.666666666669,472.4596101100453
hotspot,46,5.0,2,1,6<->9,2<->6,4.794441010848843,,,,,,,,,,4.794441010848843,79.28787878787887,74.99242424242436,5.417542518631702,17.333333333333325,14.787878787878785,7414.153846153847,8690.360655737702,335.03030303030573,426.6980289086758,314.666666666669,472.4596101100453
hotspot,46,5.0,4,1,6<->9,2<->6,4.794441010848843,,,,,,,,,,4.794441010848843,79.28787878787887,74.99242424242436,5.417542518631702,17.333333333333325,14.787878787878785,7414.153846153847,8690.360655737702,335.03030303030573,426.6980289086758,314.666666666669,472.4596101100453
hotspot,46,15.0,1,1,1<->9,2<->0,11.536102527122116,,,,,,,,,,11.536102527122116,79.28787878787887,74.0189393939395,6.645327727880711,17.333333333333325,14.969696969696965,7414.153846153847,8584.80971659919,335.03030303030573,426.6980289086758,309.0909090909113,659.8641807442203
hotspot,46,15.0,2,1,1<->9,2<->0,11.536102527122116,,,,,,,,,,11.536102527122116,79.28787878787887,74.0189393939395,6.645327727880711,17.333333333333325,14.969696969696965,7414.153846153847,8584.80971659919,335.03030303030573,426.6980289086758,309.0909090909113,659.8641807442203
hotspot,46,15.0,4,1,1<->9,2<->0,11.536102527122116,,,,,,,,,,11.536102527122116,79.28787878787887,74.0189393939395,6.645327727880711,17.333333333333325,14.969696969696965,7414.153846153847,8584.80971659919,335.03030303030573,426.6980289086758,309.0909090909113,659.8641807442203
hotspot,46,25.0,1,1,2<->13,2<->6,23.07220505424423,,,,,,,,,,23.07220505424423,79.28787878787887,73.0634469696971,7.850420408943176,17.333333333333325,15.3030303030303,7414.153846153847,8397.813861386137,335.03030303030573,426.6980289086758,302.18181818182035,921.2394066330264
hotspot,46,25.0,2,1,2<->13,2<->6,23.07220505424423,,,,,,,,,,23.07220505424423,79.28787878787887,73.0634469696971,7.850420408943176,17.333333333333325,15.3030303030303,7414.153846153847,8397.813861386137,335.03030303030573,426.6980289086758,302.18181818182035,921.2394066330264
hotspot,46,25.0,4,1,2<->13,2<->6,23.07220505424423,,,,,,,,,,23.07220505424423,79.28787878787887,73.0634469696971,7.850420408943176,17.333333333333325,15.3030303030303,7414.153846153847,8397.813861386137,335.03030303030573,426.6980289086758,302.18181818182035,921.2394066330264
hotspot,46,45.0,1,1,2<->13,2<->6,23.07220505424423,,,,,,,,,,23.07220505424423,79.28787878787887,73.0634469696971,7.850420408943176,17.333333333333325,15.3030303030303,7414.153846153847,8397.813861386137,335.03030303030573,426.6980289086758,302.18181818182035,921.2394066330264
hotspot,46,45.0,2,2,2<->13,2<->6,23.07220505424423,0<->2,6<->0,11.536102527122116,,,,,,,34.60830758136635,79.28787878787887,69.71519886363654,12.073320752914059,17.333333333333325,14.3030303030303,7414.153846153847,8984.949152542371,335.03030303030573,426.6980289086758,285.4545454545476,1105.1488624394942
hotspot,46,45.0,4,4,2<->13,2<->6,23.07220505424423,0<->2,6<->0,11.536102527122116,6<->11,4<->0,4.794441010848846,6<->9,2<->6,4.794441010848843,44.19718960306403,79.28787878787887,66.37239583333347,16.28935362124967,17.333333333333325,13.848484848484844,7414.153846153847,9279.859956236323,335.03030303030573,426.6980289086758,270.4242424242443,1026.399763705994
