workload,budget_mm,requested_k,seed_count,mean_baseline_latency,mean_final_latency,std_final_latency,min_final_latency,max_final_latency,mean_latency_gain_percent,std_latency_gain_percent,min_latency_gain_percent,max_latency_gain_percent,mean_actual_k,min_actual_k,max_actual_k,mean_total_wire_length_mm,std_total_wire_length_mm,unique_selected_topologies,most_common_selected_topology,most_common_topology_seed_count,most_common_topology_seed_fraction
permutation,5.0,1,5,80.9,76.5125,4.35556397037169,69.125,81.4375,5.408272149753353,0.8904108679444872,4.066265060240964,6.367924528301887,1,1,1,4.794441010848843,7.105427357601002e-16,2,5<->10,4,0.8
permutation,5.0,2,5,80.9,76.5125,4.35556397037169,69.125,81.4375,5.408272149753353,0.8904108679444872,4.066265060240964,6.367924528301887,1,1,1,4.794441010848843,7.105427357601002e-16,2,5<->10,4,0.8
permutation,5.0,4,5,80.9,76.5125,4.35556397037169,69.125,81.4375,5.408272149753353,0.8904108679444872,4.066265060240964,6.367924528301887,1,1,1,4.794441010848843,7.105427357601002e-16,2,5<->10,4,0.8
permutation,15.0,1,5,80.9,74.65,4.1309805131469695,67.625,79.875,7.70461070384486,0.5175950311591694,6.724137931034483,8.176100628930818,1,1,1,12.974434830376769,1.1743934078453262,5,11<->13,1,0.2
permutation,15.0,2,5,80.9,74.65,4.1309805131469695,67.625,79.875,7.70461070384486,0.5175950311591694,6.724137931034483,8.176100628930818,1,1,1,12.974434830376769,1.1743934078453262,5,11<->13,1,0.2
permutation,15.0,4,5,80.9,74.65,4.1309805131469695,67.625,79.875,7.70461070384486,0.5175950311591694,6.724137931034483,8.176100628930818,1,1,1,12.974434830376769,1.1743934078453262,5,11<->13,1,0.2
permutation,25.0,1,5,80.9,72.6125,3.301372820509674,67.5625,76.625,10.159096972845935,1.8647006458615547,6.810344827586207,11.635220125786164,1,1,1,22.592760953159345,0.9588882021697686,5,1<->11,1,0.2
permutation,25.0,2,5,80.9,72.6125,3.301372820509674,67.5625,76.625,10.159096972845935,1.8647006458615547,6.810344827586207,11.635220125786164,1,1,1,22.592760953159345,0.9588882021697686,5,1<->11,1,0.2
permutation,25.0,4,5,80.9,72.6125,3.301372820509674,67.5625,76.625,10.159096972845935,1.8647006458615547,6.810344827586207,11.635220125786164,1,1,1,22.592760953159345,0.9588882021697686,5,1<->11,1,0.2
permutation,45.0,1,5,80.9,72.6125,3.301372820509674,67.5625,76.625,10.159096972845935,1.8647006458615547,6.810344827586207,11.635220125786164,1,1,1,22.592760953159345,0.9588882021697686,5,1<->11,1,0.2
permutation,45.0,2,5,80.9,66.8125,2.5534902584501866,62.6875,70.0,17.301648117700115,2.078878613306794,13.53448275862069,19.352409638554217,2,2,2,38.26386039004542,4.726866400292393,5,1<->11;8<->11,1,0.2
permutation,45.0,4,5,80.9,64.1125,3.9442204552991202,57.625,68.8125,20.698426180719583,3.2046560821477037,17.093373493975903,25.451807228915662,3,2,4,43.058301400894265,1.0404807175577284,5,1<->11;8<->11,1,0.2
hotspot,5.0,1,5,80.91060606060617,76.95265151515164,1.6503705722387585,74.99242424242435,78.96969696969708,4.890977470077555,0.829215060967391,3.2458042617385967,5.417542518631721,1,1,1,4.794441010848843,7.105427357601002e-16,3,5<->10,2,0.4
hotspot,5.0,2,5,80.91060606060617,76.95265151515164,1.6503705722387585,74.99242424242435,78.96969696969708,4.890977470077555,0.829215060967391,3.2458042617385967,5.417542518631721,1,1,1,4.794441010848843,7.105427357601002e-16,3,5<->10,2,0.4
hotspot,5.0,4,5,80.91060606060617,76.95265151515164,1.6503705722387585,74.99242424242435,78.96969696969708,4.890977470077555,0.829215060967391,3.2458042617385967,5.417542518631721,1,1,1,4.794441010848843,7.105427357601002e-16,3,5<->10,2,0.4
hotspot,15.0,1,5,80.91060606060617,75.72348484848497,1.282593320862754,74.0189393939395,77.23295454545462,6.403171536631531,0.6676040361718795,5.270601546294519,7.244563733964145,1,1,1,12.015546628207,0.9588882021697687,4,4<->6,2,0.4
hotspot,15.0,2,5,80.91060606060617,75.72348484848497,1.282593320862754,74.0189393939395,77.23295454545462,6.403171536631531,0.6676040361718795,5.270601546294519,7.244563733964145,1,1,1,12.015546628207,0.9588882021697687,4,4<->6,2,0.4
hotspot,15.0,4,5,80.91060606060617,75.72348484848497,1.282593320862754,74.0189393939395,77.23295454545462,6.403171536631531,0.6676040361718795,5.270601546294519,7.244563733964145,1,1,1,12.015546628207,0.9588882021697687,4,4<->6,2,0.4
hotspot,25.0,1,5,80.91060606060617,73.78352272727285,1.425155680161012,71.409090909091,75.53125000000018,8.791860717629476,1.6873594279499642,5.995427116726379,10.74288053862244,1,1,1,23.07220505424423,0.0,4,4<->11,2,0.4
hotspot,25.0,2,5,80.91060606060617,73.78352272727285,1.425155680161012,71.409090909091,75.53125000000018,8.791860717629476,1.6873594279499642,5.995427116726379,10.74288053862244,1,1,1,23.07220505424423,0.0,4,4<->11,2,0.4
hotspot,25.0,4,5,80.91060606060617,73.78352272727285,1.425155680161012,71.409090909091,75.53125000000018,8.791860717629476,1.6873594279499642,5.995427116726379,10.74288053862244,1,1,1,23.07220505424423,0.0,4,4<->11,2,0.4
hotspot,45.0,1,5,80.91060606060617,73.78352272727285,1.425155680161012,71.409090909091,75.53125000000018,8.791860717629476,1.6873594279499642,5.995427116726379,10.74288053862244,1,1,1,23.07220505424423,0.0,4,4<->11,2,0.4
hotspot,45.0,2,5,80.91060606060617,70.1998579545456,0.8465416975434878,68.76562500000014,70.97537878787898,13.218098952213127,1.216848839254715,11.66556666038089,14.843110272040672,2,2,2,36.436083985705885,3.655552808679076,5,0<->13;9<->11,1,0.2
hotspot,45.0,4,5,80.91060606060617,67.47949810606075,1.7907348241332475,65.32078598484864,70.63707386363647,16.594440948518084,1.7168721287771815,14.23754828918319,19.245291602219904,3.6,2,4,44.107189603064036,0.18000000000000044,5,0<->13;2<->5;5<->8;9<->11,1,0.2
