workload,u,v,phy_u,phy_v,length_mm,link_latency_cycles,avg_latency,latency_gain,latency_gain_percent,gain_per_mm,throughput,throughput_change,max_link_load,total_routed_traffic,traffic_wire_cost
random_uniform,5,10,4,0,4.794441010848843,2,77.06666666666693,3.600000000000037,4.462809917355401,0.7508695991574348,11474.285714285717,2868.5714285714275,11.20000000000001,324.2666666666693,473.0781962183431
random_uniform,6,9,2,6,4.794441010848843,2,77.06666666666696,3.6000000000000085,4.462809917355366,0.7508695991574289,11474.285714285717,2868.5714285714275,11.20000000000001,324.2666666666693,473.07819621834324
random_uniform,9,14,4,0,4.794441010848846,2,77.96666666666692,2.7000000000000455,3.3471074380165726,0.5631521993680794,10040.000000000004,1434.2857142857138,12.80000000000001,328.5333333333362,463.49005539519885
random_uniform,6,11,4,0,4.794441010848846,2,77.96666666666694,2.7000000000000313,3.3471074380165553,0.5631521993680764,8605.71428571429,0.0,14.933333333333342,328.5333333333362,463.49005539519885
random_uniform,1,6,4,0,4.794441010848844,2,77.96666666666695,2.700000000000017,3.3471074380165375,0.5631521993680737,11474.285714285717,2868.5714285714275,11.20000000000001,328.5333333333362,463.4900553951986
random_uniform,2,5,2,6,4.794441010848844,2,77.96666666666695,2.700000000000017,3.3471074380165375,0.5631521993680737,11474.285714285717,2868.5714285714275,11.20000000000001,328.5333333333362,463.49005539519885
random_uniform,4,9,4,0,4.794441010848844,2,77.96666666666695,2.700000000000017,3.3471074380165375,0.5631521993680737,10040.000000000004,1434.2857142857138,12.80000000000001,328.5333333333362,463.4900553951988
random_uniform,7,10,2,6,4.794441010848846,2,77.96666666666695,2.700000000000017,3.3471074380165375,0.5631521993680735,10040.000000000004,1434.2857142857138,12.80000000000001,328.5333333333362,463.4900553951989
random_uniform,10,13,2,6,4.794441010848846,2,77.96666666666695,2.700000000000017,3.3471074380165375,0.5631521993680735,10040.000000000004,1434.2857142857138,12.80000000000001,328.5333333333362,463.49005539519897
random_uniform,5,8,2,6,4.794441010848844,2,77.96666666666697,2.700000000000003,3.3471074380165198,0.5631521993680707,8605.71428571429,0.0,14.933333333333342,328.5333333333362,463.49005539519885
random_uniform,10,15,4,0,4.79444101084885,2,78.64166666666692,2.0250000000000483,2.510330578512447,0.42236414952606216,8605.71428571429,0.0,14.933333333333342,331.73333333333636,456.2989497778406
random_uniform,1,4,2,6,4.794441010848846,2,78.64166666666694,2.025000000000034,2.5103305785124297,0.42236414952605955,8605.71428571429,0.0,14.933333333333342,331.73333333333636,456.2989497778405
random_uniform,3,6,2,6,4.794441010848848,2,78.64166666666694,2.025000000000034,2.5103305785124297,0.4223641495260594,9267.692307692312,661.9780219780223,13.866666666666676,331.73333333333636,456.2989497778406
random_uniform,8,13,4,0,4.794441010848848,2,78.64166666666694,2.025000000000034,2.5103305785124297,0.4223641495260594,9267.692307692312,661.9780219780223,13.866666666666676,331.73333333333636,456.2989497778406
random_uniform,11,14,2,6,4.79444101084885,2,78.64166666666694,2.025000000000034,2.5103305785124297,0.4223641495260592,9267.692307692312,661.9780219780223,13.866666666666676,331.73333333333636,456.2989497778407
random_uniform,2,7,4,0,4.794441010848848,2,78.64166666666695,2.02500000000002,2.510330578512412,0.4223641495260564,8605.71428571429,0.0,14.933333333333342,331.73333333333636,456.2989497778405
random_uniform,0,5,4,0,4.794441010848846,2,78.64166666666696,2.0250000000000057,2.510330578512394,0.4223641495260536,9267.692307692312,661.9780219780223,13.866666666666676,331.73333333333636,456.2989497778404
random_uniform,9,12,2,6,4.794441010848848,2,78.64166666666696,2.0250000000000057,2.510330578512394,0.42236414952605345,8605.71428571429,0.0,14.933333333333342,331.73333333333636,456.2989497778407
random_uniform,5,7,4,2,11.536102527122114,3,75.90000000000023,4.766666666666737,5.909090909090974,0.4131955879778286,10952.727272727276,2347.012987012986,11.733333333333343,317.866666666669,645.6647310349388
random_uniform,9,11,4,2,11.536102527122114,3,75.90000000000023,4.766666666666737,5.909090909090974,0.4131955879778286,10952.727272727276,2347.012987012986,11.733333333333343,317.866666666669,645.6647310349389
random_uniform,4,6,4,2,11.536102527122116,3,75.90000000000023,4.766666666666737,5.909090909090974,0.41319558797782857,10952.727272727276,2347.012987012986,11.733333333333343,317.866666666669,645.6647310349388
random_uniform,8,10,4,2,11.536102527122116,3,75.90000000000023,4.766666666666737,5.909090909090974,0.41319558797782857,10952.727272727276,2347.012987012986,11.733333333333343,317.866666666669,645.6647310349389
random_uniform,5,13,2,0,11.536102527122114,3,75.90000000000025,4.766666666666723,5.909090909090956,0.4131955879778274,10040.000000000004,1434.2857142857138,12.80000000000001,317.866666666669,645.6647310349387
random_uniform,6,14,2,0,11.536102527122114,3,75.90000000000025,4.766666666666723,5.909090909090956,0.4131955879778274,10040.000000000004,1434.2857142857138,12.80000000000001,317.866666666669,645.6647310349387
random_uniform,1,9,2,0,11.536102527122116,3,75.90000000000025,4.766666666666723,5.909090909090956,0.41319558797782735,10952.727272727276,2347.012987012986,11.733333333333343,317.866666666669,645.6647310349387
random_uniform,2,10,2,0,11.536102527122116,3,75.90000000000026,4.766666666666708,5.9090909090909385,0.4131955879778261,10952.727272727276,2347.012987012986,11.733333333333343,317.866666666669,645.6647310349387
random_uniform,1,14,4,0,23.07220505424423,6,74.58333333333354,6.083333333333428,7.541322314049676,0.2636650168040342,10476.521739130438,1870.8074534161478,12.266666666666676,309.33333333333525,905.510462848261
random_uniform,2,13,2,6,23.07220505424423,6,74.58333333333357,6.0833333333334,7.541322314049641,0.263665016804033,10476.521739130438,1870.8074534161478,12.266666666666676,309.33333333333525,905.510462848261
random_uniform,4,11,4,0,23.07220505424423,6,74.58333333333358,6.083333333333385,7.541322314049622,0.26366501680403237,10952.727272727276,2347.012987012986,11.733333333333343,309.33333333333525,905.5104628482608
random_uniform,7,8,2,6,23.07220505424423,6,74.58333333333358,6.083333333333385,7.541322314049622,0.26366501680403237,10952.727272727276,2347.012987012986,11.733333333333343,309.33333333333525,905.5104628482609
random_uniform,4,12,2,0,11.536102527122114,3,77.6333333333336,3.033333333333374,3.7603305785124332,0.26294264689498154,9267.692307692312,661.9780219780223,13.866666666666676,326.40000000000276,568.9596044497849
random_uniform,7,15,2,0,11.536102527122114,3,77.6333333333336,3.033333333333374,3.7603305785124332,0.26294264689498154,9267.692307692312,661.9780219780223,13.866666666666676,326.40000000000276,568.9596044497849
random_uniform,13,15,4,2,11.536102527122114,3,77.6333333333336,3.033333333333374,3.7603305785124332,0.26294264689498154,10040.000000000004,1434.2857142857138,12.80000000000001,326.40000000000276,568.959604449785
random_uniform,3,11,2,0,11.536102527122116,3,77.6333333333336,3.033333333333374,3.7603305785124332,0.2629426468949815,10040.000000000004,1434.2857142857138,12.80000000000001,326.40000000000276,568.9596044497849
random_uniform,12,14,4,2,11.536102527122116,3,77.6333333333336,3.033333333333374,3.7603305785124332,0.2629426468949815,10040.000000000004,1434.2857142857138,12.80000000000001,326.40000000000276,568.959604449785
random_uniform,0,2,4,2,11.536102527122116,3,77.63333333333361,3.03333333333336,3.7603305785124155,0.26294264689498026,11474.285714285717,2868.5714285714275,11.20000000000001,326.40000000000276,568.9596044497848
random_uniform,0,8,2,0,11.536102527122116,3,77.63333333333361,3.03333333333336,3.7603305785124155,0.26294264689498026,10040.000000000004,1434.2857142857138,12.80000000000001,326.40000000000276,568.9596044497849
random_uniform,1,3,4,2,11.536102527122114,3,77.63333333333361,3.03333333333336,3.7603305785124155,0.26294264689498026,11474.285714285717,2868.5714285714275,11.20000000000001,326.40000000000276,568.9596044497848
random_uniform,7,9,2,6,13.933323032546536,4,77.28333333333363,3.38333333333334,4.19421487603305,0.24282314602412416,10040.000000000004,1434.2857142857138,12.80000000000001,324.2666666666693,602.0410621250043
random_uniform,6,8,2,6,13.933323032546538,4,77.28333333333364,3.3833333333333258,4.1942148760330324,0.2428231460241231,10040.000000000004,1434.2857142857138,12.80000000000001,324.2666666666693,602.0410621250044
random_uniform,6,13,2,6,13.933323032546536,4,77.30833333333361,3.3583333333333627,4.163223140495888,0.24102888632444014,9267.692307692312,661.9780219780223,13.866666666666676,324.2666666666693,615.5447557568275
random_uniform,5,14,4,0,13.933323032546536,4,77.33333333333357,3.3333333333333997,4.132231404958745,0.23923462662475717,8924.444444444447,318.7301587301572,14.40000000000001,324.2666666666693,629.0484493886507
random_uniform,5,11,4,0,13.933323032546536,4,77.38333333333362,3.2833333333333456,4.070247933884297,0.235646107225382,9267.692307692312,661.9780219780223,13.866666666666676,324.2666666666693,656.0558366522974
random_uniform,2,9,2,6,13.933323032546538,4,77.38333333333362,3.2833333333333456,4.070247933884297,0.23564610722538196,9638.400000000003,1032.6857142857134,13.333333333333343,324.2666666666693,656.0558366522974
random_uniform,1,10,4,0,13.933323032546538,4,77.4083333333336,3.2583333333333684,4.039256198347136,0.23385184752569796,9267.692307692312,661.9780219780223,13.866666666666676,324.2666666666693,669.5595302841206
random_uniform,4,10,4,0,13.933323032546538,4,77.43333333333361,3.2333333333333627,4.008264462809938,0.2320575878260119,10952.727272727276,2347.012987012986,11.733333333333343,324.2666666666693,683.063223915944
random_uniform,8,11,4,2,20.674984548819808,6,76.24166666666693,4.42500000000004,5.485537190082673,0.21402676212653482,10040.000000000004,1434.2857142857138,12.80000000000001,317.866666666669,756.6498328982036
random_uniform,1,11,4,0,23.07220505424423,6,75.73333333333358,4.933333333333394,6.115702479338895,0.21382149307943527,10476.521739130438,1870.8074534161478,12.266666666666676,315.73333333333557,774.1505617358137
random_uniform,4,14,4,0,23.07220505424423,6,75.73333333333358,4.933333333333394,6.115702479338895,0.21382149307943527,10952.727272727276,2347.012987012986,11.733333333333343,315.73333333333557,774.1505617358137
random_uniform,5,15,4,0,23.07220505424423,6,75.73333333333358,4.933333333333394,6.115702479338895,0.21382149307943527,10476.521739130438,1870.8074534161478,12.266666666666676,315.73333333333557,774.1505617358137
random_uniform,0,10,4,0,23.072205054244233,6,75.73333333333359,4.93333333333338,6.115702479338878,0.21382149307943463,13386.666666666666,4780.952380952376,9.60000000000001,315.73333333333557,774.1505617358135
random_uniform,3,9,2,6,23.07220505424423,6,75.7333333333336,4.9333333333333655,6.11570247933886,0.21382149307943404,13386.666666666666,4780.952380952376,9.60000000000001,315.73333333333557,774.1505617358139
random_uniform,7,13,2,6,23.07220505424423,6,75.7333333333336,4.9333333333333655,6.11570247933886,0.21382149307943404,10952.727272727276,2347.012987012986,11.733333333333343,315.73333333333557,774.1505617358141
random_uniform,2,8,2,6,23.072205054244233,6,75.7333333333336,4.9333333333333655,6.11570247933886,0.21382149307943402,10476.521739130438,1870.8074534161478,12.266666666666676,315.73333333333557,774.1505617358137
random_uniform,6,12,2,6,23.07220505424423,6,75.73333333333362,4.933333333333351,6.115702479338842,0.21382149307943343,10476.521739130438,1870.8074534161478,12.266666666666676,315.73333333333557,774.150561735814
random_uniform,2,15,4,0,23.072205054244233,6,75.8166666666669,4.850000000000065,6.012396694214934,0.21020964353417476,9267.692307692312,661.9780219780223,13.866666666666676,315.73333333333557,820.654230645749
random_uniform,3,14,2,6,23.072205054244233,6,75.81666666666692,4.850000000000051,6.0123966942149165,0.21020964353417415,10952.727272727276,2347.012987012986,11.733333333333343,315.73333333333557,820.6542306457491
random_uniform,0,13,4,0,23.07220505424423,6,75.81666666666693,4.850000000000037,6.0123966942149,0.21020964353417357,10952.727272727276,2347.012987012986,11.733333333333343,315.73333333333557,820.6542306457488
random_uniform,1,12,2,6,23.07220505424423,6,75.81666666666693,4.850000000000037,6.0123966942149,0.21020964353417357,9267.692307692312,661.9780219780223,13.866666666666676,315.73333333333557,820.6542306457488
random_uniform,8,15,4,0,23.072205054244233,6,75.81666666666693,4.850000000000037,6.0123966942149,0.21020964353417354,10952.727272727276,2347.012987012986,11.733333333333343,315.73333333333557,820.6542306457488
random_uniform,0,7,4,0,23.07220505424423,6,75.81666666666695,4.850000000000023,6.012396694214882,0.21020964353417296,13386.666666666666,4780.952380952376,9.60000000000001,315.73333333333557,820.6542306457485
random_uniform,3,4,2,6,23.07220505424423,6,75.81666666666695,4.850000000000023,6.012396694214882,0.21020964353417296,13386.666666666666,4780.952380952376,9.60000000000001,315.73333333333557,820.6542306457486
random_uniform,11,12,2,6,23.072205054244233,6,75.81666666666695,4.850000000000023,6.012396694214882,0.2102096435341729,10952.727272727276,2347.012987012986,11.733333333333343,315.73333333333557,820.654230645749
random_uniform,2,14,2,0,20.674984548819808,6,76.3666666666669,4.300000000000068,5.330578512396759,0.20798080839414826,8032.000000000004,-573.7142857142862,16.00000000000001,317.866666666669,818.7342306457479
random_uniform,1,13,2,0,20.674984548819808,6,76.38750000000026,4.279166666666711,5.3047520661157375,0.20697314943874912,7772.903225806454,-832.8110599078354,16.533333333333346,317.866666666669,829.0816302703386
random_uniform,4,7,4,2,20.674984548819808,6,76.38750000000029,4.279166666666683,5.304752066115703,0.20697314943874776,10952.727272727276,2347.012987012986,11.733333333333343,317.866666666669,829.0816302703386
random_uniform,11,13,2,6,13.93332303254654,4,78.06666666666692,2.600000000000051,3.22314049586782,0.1866030087673105,9267.692307692312,661.9780219780223,13.866666666666676,328.5333333333362,526.4529707456363
random_uniform,10,12,2,6,13.933323032546541,4,78.06666666666696,2.6000000000000085,3.223140495867767,0.18660300876730743,9267.692307692312,661.9780219780223,13.866666666666676,328.5333333333362,526.4529707456364
random_uniform,6,15,4,0,13.93332303254654,4,78.14166666666691,2.5250000000000625,3.130165289256264,0.18122022966825438,8605.71428571429,0.0,14.933333333333342,328.5333333333362,566.9640516411063
random_uniform,9,15,4,0,13.93332303254654,4,78.14166666666691,2.5250000000000625,3.130165289256264,0.18122022966825438,8924.444444444447,318.7301587301572,14.40000000000001,328.5333333333362,566.9640516411063
random_uniform,5,12,2,6,13.933323032546538,4,78.14166666666698,2.5249999999999915,3.130165289256176,0.1812202296682493,8605.71428571429,0.0,14.933333333333342,328.5333333333362,566.9640516411063
random_uniform,8,14,4,0,13.933323032546541,4,78.17916666666692,2.487500000000054,3.0836776859504686,0.17852884011872527,9638.400000000003,1032.6857142857134,13.333333333333343,328.5333333333362,587.2195920888412
random_uniform,7,14,2,6,13.93332303254654,4,78.2166666666669,2.450000000000074,3.0371900826447082,0.17583745056919828,9267.692307692312,661.9780219780223,13.866666666666676,328.5333333333362,607.4751325365762
random_uniform,2,11,4,0,13.933323032546541,4,78.21666666666695,2.450000000000017,3.0371900826446376,0.17583745056919417,7530.000000000002,-1075.714285714288,17.06666666666668,328.5333333333362,607.4751325365761
random_uniform,1,8,2,6,13.93332303254654,4,78.21666666666698,2.4499999999999886,3.0371900826446026,0.17583745056919214,7530.000000000002,-1075.714285714288,17.06666666666668,328.5333333333362,607.4751325365761
random_uniform,4,13,4,0,13.933323032546538,4,78.26666666666691,2.4000000000000625,2.9752066115703144,0.1722489311698262,9267.692307692312,661.9780219780223,13.866666666666676,328.5333333333362,634.4825198002227
random_uniform,2,4,2,6,13.93332303254654,4,78.26666666666695,2.40000000000002,2.9752066115702616,0.17224893116982312,9267.692307692312,661.9780219780223,13.866666666666676,328.5333333333362,634.4825198002229
random_uniform,3,5,2,6,13.933323032546538,4,78.26666666666695,2.40000000000002,2.9752066115702616,0.17224893116982312,10952.727272727276,2347.012987012986,11.733333333333343,328.5333333333362,634.4825198002229
random_uniform,3,10,2,6,13.933323032546541,4,78.26666666666695,2.40000000000002,2.9752066115702616,0.1722489311698231,10040.000000000004,1434.2857142857138,12.80000000000001,328.5333333333362,634.4825198002228
random_uniform,0,9,4,0,13.93332303254654,4,78.31666666666696,2.3500000000000085,2.9132231404958673,0.16866041177045102,9638.400000000003,1032.6857142857134,13.333333333333343,328.5333333333362,661.489907063869
random_uniform,1,7,4,0,13.933323032546538,4,78.34166666666695,2.325000000000017,2.882231404958688,0.166866152070766,9267.692307692312,661.9780219780223,13.866666666666676,328.5333333333362,674.9936006956927
random_uniform,0,6,4,0,13.93332303254654,4,78.37916666666696,2.2875000000000085,2.8357438016528924,0.16417476252123692,10952.727272727276,2347.012987012986,11.733333333333343,328.5333333333362,695.2491411434274
random_uniform,12,15,4,2,20.674984548819808,6,77.79583333333359,2.8708333333333798,3.5588842975207053,0.13885540405384514,9267.692307692312,661.9780219780223,13.866666666666676,326.40000000000276,612.3069793524871
random_uniform,7,12,2,6,32.21108707594192,9,76.43333333333352,4.233333333333448,5.247933884297643,0.13142472724850304,9638.400000000003,1032.6857142857134,13.333333333333343,317.866666666669,850.3379119166285
random_uniform,3,15,2,0,20.674984548819808,6,77.98333333333358,2.683333333333394,3.326446280991798,0.12978647345526392,8605.71428571429,0.0,14.933333333333342,326.40000000000276,705.4335759738035
random_uniform,0,12,2,0,20.674984548819808,6,78.02500000000029,2.64166666666668,3.274793388429756,0.12777115554446566,8605.71428571429,0.0,14.933333333333342,326.40000000000276,726.1283752229848
random_uniform,2,12,2,6,32.211087075941926,9,76.60000000000022,4.066666666666748,5.041322314049669,0.12625052538832485,8924.444444444447,318.7301587301572,14.40000000000001,317.866666666669,932.8378501119075
random_uniform,4,15,4,0,32.21108707594192,9,76.63333333333357,4.0333333333334025,5.000000000000067,0.12521568501628905,9638.400000000003,1032.6857142857134,13.333333333333343,317.866666666669,949.3378377509634
random_uniform,1,15,4,0,32.21108707594192,9,76.63333333333358,4.033333333333388,5.00000000000005,0.1252156850162886,8605.71428571429,0.0,14.933333333333342,317.866666666669,949.3378377509633
random_uniform,3,13,2,6,32.21108707594192,9,76.66666666666687,4.0000000000000995,4.9586776859505175,0.12418084464425456,9638.400000000003,1032.6857142857134,13.333333333333343,317.866666666669,965.8378253900192
random_uniform,3,8,2,6,32.211087075941926,9,76.7000000000002,3.966666666666768,4.917355371900934,0.12314600427221917,10476.521739130438,1870.8074534161478,12.266666666666676,317.866666666669,982.3378130290755
random_uniform,3,12,2,6,41.349969097639615,11,75.61666666666686,5.050000000000111,6.2603305785125105,0.12212826539423896,11474.285714285717,2868.5714285714275,11.20000000000001,312.5333333333354,1039.2673991664954
random_uniform,0,15,4,0,41.349969097639615,11,75.6166666666669,5.050000000000068,6.260330578512458,0.12212826539423793,11474.285714285717,2868.5714285714275,11.20000000000001,312.5333333333354,1039.2673991664942
random_uniform,0,14,4,0,32.211087075941926,9,76.76666666666692,3.9000000000000483,4.834710743801694,0.12107632352814666,8605.71428571429,0.0,14.933333333333342,317.866666666669,1015.3377883071868
random_uniform,0,3,4,2,20.674984548819808,6,78.19166666666696,2.4750000000000085,3.068181818181817,0.11970988390128152,11474.285714285717,2868.5714285714275,11.20000000000001,326.40000000000276,808.9075722197106
random_uniform,0,11,4,0,32.211087075941926,9,76.86666666666692,3.800000000000054,4.710743801652942,0.11797180241204056,9638.400000000003,1032.6857142857134,13.333333333333343,317.866666666669,1064.837751224357
