workload_family,workload,budget_mm,policy,requested_k,actual_k,total_wire_length_mm,avg_shortcut_length_mm,min_shortcut_length_mm,max_shortcut_length_mm,total_shortcut_link_latency_cycles,optimizer_cumulative_wire_length_mm,total_used_shortcut_phys,available_spare_phys,used_spare_phy_endpoints,available_spare_phy_endpoints,spare_phy_utilization_percent,spare_phy_endpoints_per_chiplet,analytical_latency,booksim_low_latency,latency_gain_vs_mesh_percent,latency_gain_per_mm,booksim_low_hops,hop_gain_vs_mesh_percent,hop_gain_per_mm,knee_load,analytical_throughput,max_link_load,traffic_wire_cost,optimizer_metric_source,previous_requested_k,added_wire_vs_previous_k_mm,incremental_latency_gain_percent,incremental_latency_gain_per_added_mm
synthetic,random_uniform,5,mesh,1,0,0.0,,,,,,0,64,0,64,0.0,0.0,80.66666666666697,80.7861,0.0,,3.67055,0.0,,,8605.71428571429,,,not applicable (mesh),,,,
synthetic,random_uniform,5,fixed,1,1,4.794441010848843,4.794441010848843,4.794441010848843,4.794441010848843,2.0,4.794441010848843,2,64,2,64,3.125,0.125,77.06666666666693,77.0886,4.576901224344293,0.9546266632518157,3.53358,3.7315933579436273,0.7783166691382357,,11474.285714285717,11.20000000000001,473.0781962183431,k1_fixed_selections.csv (uniform reference),,,,
synthetic,random_uniform,5,workload_aware,1,1,4.794441010848843,4.794441010848843,4.794441010848843,4.794441010848843,2.0,4.794441010848843,2,64,2,64,3.125,0.125,77.06666666666693,77.0886,4.576901224344293,0.9546266632518157,3.53358,3.7315933579436273,0.7783166691382357,,11474.285714285717,11.20000000000001,,k1_workload_aware_selections.csv (traffic-wire cost unavailable),,,,
synthetic,random_uniform,15,mesh,1,0,0.0,,,,,,0,64,0,64,0.0,0.0,80.66666666666697,80.7861,0.0,,3.67055,0.0,,,8605.71428571429,,,not applicable (mesh),,,,
synthetic,random_uniform,15,fixed,1,1,11.536102527122114,11.536102527122114,11.536102527122114,11.536102527122114,3.0,11.536102527122114,2,64,2,64,3.125,0.125,75.90000000000023,76.1842,5.69640074220689,0.49378901832870226,3.4936,4.82080342183052,0.4178883995263134,,10952.727272727276,11.733333333333343,645.6647310349388,k1_fixed_selections.csv (uniform reference),,,,
synthetic,random_uniform,15,workload_aware,1,1,11.536102527122114,11.536102527122114,11.536102527122114,11.536102527122114,3.0,11.536102527122114,2,64,2,64,3.125,0.125,75.90000000000023,76.1842,5.69640074220689,0.49378901832870226,3.4936,4.82080342183052,0.4178883995263134,,10952.727272727276,11.733333333333343,,k1_workload_aware_selections.csv (traffic-wire cost unavailable),,,,
synthetic,random_uniform,25,mesh,1,0,0.0,,,,,,0,64,0,64,0.0,0.0,80.66666666666697,80.7861,0.0,,3.67055,0.0,,,8605.71428571429,,,not applicable (mesh),,,,
synthetic,random_uniform,25,fixed,1,1,23.07220505424423,23.07220505424423,23.07220505424423,23.07220505424423,6.0,23.07220505424423,2,64,2,64,3.125,0.125,74.58333333333354,74.5216,7.754428051360318,0.3360939291727497,3.41452,6.975248940894416,0.302322596582995,0.063,10476.521739130438,12.266666666666676,905.510462848261,k1_fixed_selections.csv (uniform reference),,,,
synthetic,random_uniform,25,workload_aware,1,1,23.07220505424423,23.07220505424423,23.07220505424423,23.07220505424423,6.0,23.07220505424423,2,64,2,64,3.125,0.125,74.58333333333354,74.5216,7.754428051360318,0.3360939291727497,3.41452,6.975248940894416,0.302322596582995,0.063,10476.521739130438,12.266666666666676,,k1_workload_aware_selections.csv (traffic-wire cost unavailable),,,,
synthetic,random_uniform,45,mesh,1,0,0.0,,,,,,0,64,0,64,0.0,0.0,80.66666666666697,80.7861,0.0,,3.67055,0.0,,,8605.71428571429,,,not applicable (mesh),,,,
synthetic,random_uniform,45,fixed,1,1,23.07220505424423,23.07220505424423,23.07220505424423,23.07220505424423,6.0,23.07220505424423,2,64,2,64,3.125,0.125,74.58333333333354,74.5216,7.754428051360318,0.3360939291727497,3.41452,6.975248940894416,0.302322596582995,0.063,10476.521739130438,12.266666666666676,905.510462848261,k1_fixed_selections.csv (uniform reference),,,,
synthetic,random_uniform,45,workload_aware,1,1,23.07220505424423,23.07220505424423,23.07220505424423,23.07220505424423,6.0,23.07220505424423,2,64,2,64,3.125,0.125,74.58333333333354,74.5216,7.754428051360318,0.3360939291727497,3.41452,6.975248940894416,0.302322596582995,0.063,10476.521739130438,12.266666666666676,,k1_workload_aware_selections.csv (traffic-wire cost unavailable),,,,
synthetic,transpose,5,mesh,1,0,0.0,,,,,,0,64,0,64,0.0,0.0,99.33333333333333,98.8631,0.0,,4.31611,0.0,,0.04200000000000001,4016.0,,,not applicable (mesh),,,,
synthetic,transpose,5,fixed,1,1,4.794441010848843,4.794441010848843,4.794441010848843,4.794441010848843,2.0,4.794441010848843,2,64,2,64,3.125,0.125,99.33333333333333,98.8631,0.0,0.0,4.31611,0.0,0.0,,4016.0,11.20000000000001,473.0781962183431,k1_fixed_selections.csv (uniform reference),,,,
synthetic,transpose,5,workload_aware,1,1,4.794441010848846,4.794441010848846,4.794441010848846,4.794441010848846,2.0,4.794441010848846,2,64,2,64,3.125,0.125,85.83333333333333,85.7166,13.29768133914474,2.773562404679667,3.82921,11.280991448318053,2.352931535249148,0.04200000000000001,4016.0,24.0,,k1_workload_aware_selections.csv (traffic-wire cost unavailable),,,,
synthetic,transpose,15,mesh,1,0,0.0,,,,,,0,64,0,64,0.0,0.0,99.33333333333333,98.8631,0.0,,4.31611,0.0,,0.04200000000000001,4016.0,,,not applicable (mesh),,,,
synthetic,transpose,15,fixed,1,1,11.536102527122114,11.536102527122114,11.536102527122114,11.536102527122114,3.0,11.536102527122114,2,64,2,64,3.125,0.125,90.66666666666667,90.4634,8.496294370700504,0.7364960870211731,3.99306,7.484748998519507,0.6488108944006334,0.05100000000000001,6024.0,11.733333333333343,645.6647310349388,k1_fixed_selections.csv (uniform reference),,,,
synthetic,transpose,15,workload_aware,1,1,13.933323032546536,13.933323032546536,13.933323032546536,13.933323032546536,4.0,13.933323032546536,2,64,2,64,3.125,0.125,81.66666666666667,81.7382,17.321831906950113,1.24319459661478,3.67001,14.969497997039003,1.0743666792244815,0.063,6024.0,16.0,,k1_workload_aware_selections.csv (traffic-wire cost unavailable),,,,
synthetic,transpose,25,mesh,1,0,0.0,,,,,,0,64,0,64,0.0,0.0,99.33333333333333,98.8631,0.0,,4.31611,0.0,,0.04200000000000001,4016.0,,,not applicable (mesh),,,,
synthetic,transpose,25,fixed,1,1,23.07220505424423,23.07220505424423,23.07220505424423,23.07220505424423,6.0,23.07220505424423,2,64,2,64,3.125,0.125,95.5,95.0759,3.8307518174121573,0.1660331905167198,4.1515,3.8138508981467036,0.1653006675859588,0.05100000000000001,6024.0,12.266666666666676,905.510462848261,k1_fixed_selections.csv (uniform reference),,,,
synthetic,transpose,25,workload_aware,1,1,23.07220505424423,23.07220505424423,23.07220505424423,23.07220505424423,6.0,23.07220505424423,2,64,2,64,3.125,0.125,73.0,73.3389,25.8177216777544,1.1189967156175704,3.34695,22.454478685668345,0.9732263835587639,0.063,6024.0,16.0,,k1_workload_aware_selections.csv (traffic-wire cost unavailable),,,,
synthetic,transpose,45,mesh,1,0,0.0,,,,,,0,64,0,64,0.0,0.0,99.33333333333333,98.8631,0.0,,4.31611,0.0,,0.04200000000000001,4016.0,,,not applicable (mesh),,,,
synthetic,transpose,45,fixed,1,1,23.07220505424423,23.07220505424423,23.07220505424423,23.07220505424423,6.0,23.07220505424423,2,64,2,64,3.125,0.125,95.5,95.0759,3.8307518174121573,0.1660331905167198,4.1515,3.8138508981467036,0.1653006675859588,0.05100000000000001,6024.0,12.266666666666676,905.510462848261,k1_fixed_selections.csv (uniform reference),,,,
synthetic,transpose,45,workload_aware,1,1,41.349969097639615,41.349969097639615,41.349969097639615,41.349969097639615,11.0,41.349969097639615,2,64,2,64,3.125,0.125,71.66666666666667,71.5428,27.634476361756814,0.6683070620077991,3.16423,26.68792037274305,0.6454157271490314,0.03700000000000001,4016.0,24.0,,k1_workload_aware_selections.csv (traffic-wire cost unavailable),,,,
synthetic,permutation,5,mesh,1,0,0.0,,,,,,0,64,0,64,0.0,0.0,86.5,86.2283,0.0,,3.86497,0.0,,0.05100000000000001,8032.0,,,not applicable (mesh),,,,
synthetic,permutation,5,fixed,1,1,4.794441010848843,4.794441010848843,4.794441010848843,4.794441010848843,2.0,4.794441010848843,2,64,2,64,3.125,0.125,81.4375,81.3285,5.682357184358266,1.1851970170245603,3.68348,4.695767366887716,0.9794191556976406,,8032.0,11.20000000000001,473.0781962183431,k1_fixed_selections.csv (uniform reference),,,,
synthetic,permutation,5,workload_aware,1,1,4.794441010848843,4.794441010848843,4.794441010848843,4.794441010848843,2.0,4.794441010848843,2,64,2,64,3.125,0.125,81.4375,81.3285,5.682357184358266,1.1851970170245603,3.68348,4.695767366887716,0.9794191556976406,,8032.0,16.0,,k1_workload_aware_selections.csv (traffic-wire cost unavailable),,,,
synthetic,permutation,15,mesh,1,0,0.0,,,,,,0,64,0,64,0.0,0.0,86.5,86.2283,0.0,,3.86497,0.0,,0.05100000000000001,8032.0,,,not applicable (mesh),,,,
synthetic,permutation,15,fixed,1,1,11.536102527122114,11.536102527122114,11.536102527122114,11.536102527122114,3.0,11.536102527122114,2,64,2,64,3.125,0.125,83.25,83.0574,3.6773309922612447,0.3187671905321233,3.74301,3.155522552568327,0.27353454471729005,,5354.666666666667,11.733333333333343,645.6647310349388,k1_fixed_selections.csv (uniform reference),,,,
synthetic,permutation,15,workload_aware,1,1,13.933323032546536,13.933323032546536,13.933323032546536,13.933323032546536,4.0,13.933323032546536,2,64,2,64,3.125,0.125,79.875,79.7829,7.474808154631376,0.5364698813894675,3.62178,6.292157507044034,0.4515905855585437,,8032.0,16.0,,k1_workload_aware_selections.csv (traffic-wire cost unavailable),,,,
synthetic,permutation,25,mesh,1,0,0.0,,,,,,0,64,0,64,0.0,0.0,86.5,86.2283,0.0,,3.86497,0.0,,0.05100000000000001,8032.0,,,not applicable (mesh),,,,
synthetic,permutation,25,fixed,1,1,23.07220505424423,23.07220505424423,23.07220505424423,23.07220505424423,6.0,23.07220505424423,2,64,2,64,3.125,0.125,80.125,80.0171,7.203203588613025,0.3122026512714252,3.62142,6.30147193898012,0.27311962268733986,,5354.666666666667,12.266666666666676,905.510462848261,k1_fixed_selections.csv (uniform reference),,,,
synthetic,permutation,25,workload_aware,1,1,23.07220505424423,23.07220505424423,23.07220505424423,23.07220505424423,6.0,23.07220505424423,2,64,2,64,3.125,0.125,76.625,76.6214,11.141237853465752,0.4828856984961771,3.50018,9.438365627676285,0.40907947920392024,,8032.0,16.0,,k1_workload_aware_selections.csv (traffic-wire cost unavailable),,,,
synthetic,permutation,45,mesh,1,0,0.0,,,,,,0,64,0,64,0.0,0.0,86.5,86.2283,0.0,,3.86497,0.0,,0.05100000000000001,8032.0,,,not applicable (mesh),,,,
synthetic,permutation,45,fixed,1,1,23.07220505424423,23.07220505424423,23.07220505424423,23.07220505424423,6.0,23.07220505424423,2,64,2,64,3.125,0.125,80.125,80.0171,7.203203588613025,0.3122026512714252,3.62142,6.30147193898012,0.27311962268733986,,5354.666666666667,12.266666666666676,905.510462848261,k1_fixed_selections.csv (uniform reference),,,,
synthetic,permutation,45,workload_aware,1,1,23.07220505424423,23.07220505424423,23.07220505424423,23.07220505424423,6.0,23.07220505424423,2,64,2,64,3.125,0.125,76.625,76.6214,11.141237853465752,0.4828856984961771,3.50018,9.438365627676285,0.40907947920392024,,8032.0,16.0,,k1_workload_aware_selections.csv (traffic-wire cost unavailable),,,,
synthetic,hotspot,5,mesh,1,0,0.0,,,,,,0,64,0,64,0.0,0.0,83.26515151515159,83.8134,0.0,,3.77858,0.0,,,7091.799331103678,,,not applicable (mesh),,,,
synthetic,hotspot,5,fixed,1,1,4.794441010848843,4.794441010848843,4.794441010848843,4.794441010848843,2.0,4.794441010848843,2,64,2,64,3.125,0.125,78.96969696969708,79.5681,5.065180508128772,1.0564694604996288,3.62142,4.159234421396391,0.8675118563321337,0.05100000000000001,7091.799331103678,11.20000000000001,473.0781962183431,k1_fixed_selections.csv (uniform reference),,,,
synthetic,hotspot,5,workload_aware,1,1,4.794441010848843,4.794441010848843,4.794441010848843,4.794441010848843,2.0,4.794441010848843,2,64,2,64,3.125,0.125,78.96969696969708,79.5681,5.065180508128772,1.0564694604996288,3.62142,4.159234421396391,0.8675118563321337,0.05100000000000001,7091.799331103678,18.121212121212118,,k1_workload_aware_selections.csv (traffic-wire cost unavailable),,,,
synthetic,hotspot,15,mesh,1,0,0.0,,,,,,0,64,0,64,0.0,0.0,83.26515151515159,83.8134,0.0,,3.77858,0.0,,,7091.799331103678,,,not applicable (mesh),,,,
synthetic,hotspot,15,fixed,1,1,11.536102527122114,11.536102527122114,11.536102527122114,11.536102527122114,3.0,11.536102527122114,2,64,2,64,3.125,0.125,77.47916666666674,77.9132,7.039685778169121,0.6102308610397983,3.55172,6.003842713400268,0.5204394377810747,,7971.60902255639,11.733333333333343,645.6647310349388,k1_fixed_selections.csv (uniform reference),,,,
synthetic,hotspot,15,workload_aware,1,1,11.536102527122116,11.536102527122116,11.536102527122116,11.536102527122116,3.0,11.536102527122116,2,64,2,64,3.125,0.125,77.23295454545462,77.5047,7.527078009005721,0.6524801588152566,3.53667,6.402140486637833,0.5549656369285892,,7200.162988115449,17.848484848484844,,k1_workload_aware_selections.csv (traffic-wire cost unavailable),,,,
synthetic,hotspot,25,mesh,1,0,0.0,,,,,,0,64,0,64,0.0,0.0,83.26515151515159,83.8134,0.0,,3.77858,0.0,,,7091.799331103678,,,not applicable (mesh),,,,
synthetic,hotspot,25,fixed,1,1,23.07220505424423,23.07220505424423,23.07220505424423,23.07220505424423,6.0,23.07220505424423,2,64,2,64,3.125,0.125,77.1496212121213,77.2171,7.870221229540859,0.34111265962821785,3.50853,7.146864695202957,0.30976079999290146,0.047000000000000014,6742.282988871223,12.266666666666676,905.510462848261,k1_fixed_selections.csv (uniform reference),,,,
synthetic,hotspot,25,workload_aware,1,1,23.07220505424423,23.07220505424423,23.07220505424423,23.07220505424423,6.0,23.07220505424423,2,64,2,64,3.125,0.125,74.32007575757588,74.9339,10.59436796502708,0.45918315740168936,3.41938,9.506216621058703,0.4120202901590455,,8124.321839080458,15.818181818181817,,k1_workload_aware_selections.csv (traffic-wire cost unavailable),,,,
synthetic,hotspot,45,mesh,1,0,0.0,,,,,,0,64,0,64,0.0,0.0,83.26515151515159,83.8134,0.0,,3.77858,0.0,,,7091.799331103678,,,not applicable (mesh),,,,
synthetic,hotspot,45,fixed,1,1,23.07220505424423,23.07220505424423,23.07220505424423,23.07220505424423,6.0,23.07220505424423,2,64,2,64,3.125,0.125,77.1496212121213,77.2171,7.870221229540859,0.34111265962821785,3.50853,7.146864695202957,0.30976079999290146,0.047000000000000014,6742.282988871223,12.266666666666676,905.510462848261,k1_fixed_selections.csv (uniform reference),,,,
synthetic,hotspot,45,workload_aware,1,1,23.07220505424423,23.07220505424423,23.07220505424423,23.07220505424423,6.0,23.07220505424423,2,64,2,64,3.125,0.125,74.32007575757588,74.9339,10.59436796502708,0.45918315740168936,3.41938,9.506216621058703,0.4120202901590455,,8124.321839080458,15.818181818181817,,k1_workload_aware_selections.csv (traffic-wire cost unavailable),,,,
synthetic,random_uniform,5,mesh,2,0,0.0,,,,,,0,64,0,64,0.0,0.0,80.66666666666697,80.7861,0.0,,3.67055,0.0,,,8605.71428571429,,,not applicable (mesh),1,0.0,0.0,
synthetic,random_uniform,5,fixed,2,1,4.794441010848843,4.794441010848843,4.794441010848843,4.794441010848843,2.0,4.794441010848843,2,64,2,64,3.125,0.125,77.06666666666693,77.0886,4.576901224344293,0.9546266632518157,3.53358,3.7315933579436273,0.7783166691382357,,11474.285714285717,11.20000000000001,473.0781962183431,k2_fixed_summary.csv (uniform reference),1,0.0,0.0,
synthetic,random_uniform,5,workload_aware,2,1,4.794441010848843,4.794441010848843,4.794441010848843,4.794441010848843,2.0,4.794441010848843,2,64,2,64,3.125,0.125,77.06666666666693,77.0886,4.576901224344293,0.9546266632518157,3.53358,3.7315933579436273,0.7783166691382357,,11474.285714285717,11.20000000000001,473.0781962183431,k2_workload_aware_summary.csv,1,0.0,0.0,
synthetic,random_uniform,15,mesh,2,0,0.0,,,,,,0,64,0,64,0.0,0.0,80.66666666666697,80.7861,0.0,,3.67055,0.0,,,8605.71428571429,,,not applicable (mesh),1,0.0,0.0,
synthetic,random_uniform,15,fixed,2,1,11.536102527122114,11.536102527122114,11.536102527122114,11.536102527122114,3.0,11.536102527122114,2,64,2,64,3.125,0.125,75.90000000000023,76.1842,5.69640074220689,0.49378901832870226,3.4936,4.82080342183052,0.4178883995263134,,10952.727272727276,11.733333333333343,645.6647310349388,k2_fixed_summary.csv (uniform reference),1,0.0,0.0,
synthetic,random_uniform,15,workload_aware,2,1,11.536102527122114,11.536102527122114,11.536102527122114,11.536102527122114,3.0,11.536102527122114,2,64,2,64,3.125,0.125,75.90000000000023,76.1842,5.69640074220689,0.49378901832870226,3.4936,4.82080342183052,0.4178883995263134,,10952.727272727276,11.733333333333343,645.6647310349388,k2_workload_aware_summary.csv,1,0.0,0.0,
synthetic,random_uniform,25,mesh,2,0,0.0,,,,,,0,64,0,64,0.0,0.0,80.66666666666697,80.7861,0.0,,3.67055,0.0,,,8605.71428571429,,,not applicable (mesh),1,0.0,0.0,
synthetic,random_uniform,25,fixed,2,1,23.07220505424423,23.07220505424423,23.07220505424423,23.07220505424423,6.0,23.07220505424423,2,64,2,64,3.125,0.125,74.58333333333354,74.5216,7.754428051360318,0.3360939291727497,3.41452,6.975248940894416,0.302322596582995,0.063,10476.521739130438,12.266666666666676,905.510462848261,k2_fixed_summary.csv (uniform reference),1,0.0,0.0,
synthetic,random_uniform,25,workload_aware,2,1,23.07220505424423,23.07220505424423,23.07220505424423,23.07220505424423,6.0,23.07220505424423,2,64,2,64,3.125,0.125,74.58333333333354,74.5216,7.754428051360318,0.3360939291727497,3.41452,6.975248940894416,0.302322596582995,0.063,10476.521739130438,12.266666666666676,905.510462848261,k2_workload_aware_summary.csv,1,0.0,0.0,
synthetic,random_uniform,45,mesh,2,0,0.0,,,,,,0,64,0,64,0.0,0.0,80.66666666666697,80.7861,0.0,,3.67055,0.0,,,8605.71428571429,,,not applicable (mesh),1,0.0,0.0,
synthetic,random_uniform,45,fixed,2,2,43.74718960306404,21.87359480153202,20.674984548819808,23.07220505424423,12.0,43.74718960306404,4,64,4,64,6.25,0.25,71.09583333333354,70.8544,12.29382282348078,0.28101971658128466,3.26679,10.999986378063236,0.2514444122667208,,11474.285714285717,11.20000000000001,1112.7347493473108,k2_fixed_summary.csv (uniform reference),1,20.674984548819808,4.920989350738588,0.23801659145711399
synthetic,random_uniform,45,workload_aware,2,2,43.74718960306404,21.87359480153202,20.674984548819808,23.07220505424423,12.0,43.74718960306404,4,64,4,64,6.25,0.25,71.09583333333354,70.8544,12.29382282348078,0.28101971658128466,3.26679,10.999986378063236,0.2514444122667208,,11474.285714285717,11.20000000000001,1112.7347493473108,k2_workload_aware_summary.csv,1,20.674984548819808,4.920989350738588,0.23801659145711399
synthetic,transpose,5,mesh,2,0,0.0,,,,,,0,64,0,64,0.0,0.0,99.33333333333333,98.8631,0.0,,4.31611,0.0,,0.04200000000000001,4016.0,,,not applicable (mesh),1,0.0,0.0,
synthetic,transpose,5,fixed,2,1,4.794441010848843,4.794441010848843,4.794441010848843,4.794441010848843,2.0,4.794441010848843,2,64,2,64,3.125,0.125,99.33333333333333,98.8631,0.0,0.0,4.31611,0.0,0.0,0.04200000000000001,4016.0,11.20000000000001,473.0781962183431,k2_fixed_summary.csv (uniform reference),1,0.0,0.0,
synthetic,transpose,5,workload_aware,2,1,4.794441010848846,4.794441010848846,4.794441010848846,4.794441010848846,2.0,4.794441010848846,2,64,2,64,3.125,0.125,85.83333333333333,85.7166,13.29768133914474,2.773562404679667,3.82921,11.280991448318053,2.352931535249148,0.04200000000000001,4016.0,24.0,515.4218651282802,k2_workload_aware_summary.csv,1,0.0,0.0,
synthetic,transpose,15,mesh,2,0,0.0,,,,,,0,64,0,64,0.0,0.0,99.33333333333333,98.8631,0.0,,4.31611,0.0,,0.04200000000000001,4016.0,,,not applicable (mesh),1,0.0,0.0,
synthetic,transpose,15,fixed,2,1,11.536102527122114,11.536102527122114,11.536102527122114,11.536102527122114,3.0,11.536102527122114,2,64,2,64,3.125,0.125,90.66666666666667,90.4634,8.496294370700504,0.7364960870211731,3.99306,7.484748998519507,0.6488108944006334,0.05100000000000001,6024.0,11.733333333333343,645.6647310349388,k2_fixed_summary.csv (uniform reference),1,0.0,0.0,
synthetic,transpose,15,workload_aware,2,1,13.933323032546536,13.933323032546536,13.933323032546536,13.933323032546536,4.0,13.933323032546536,2,64,2,64,3.125,0.125,81.66666666666667,81.7382,17.321831906950113,1.24319459661478,3.67001,14.969497997039003,1.0743666792244815,0.063,6024.0,16.0,731.1550336490246,k2_workload_aware_summary.csv,1,0.0,0.0,
synthetic,transpose,25,mesh,2,0,0.0,,,,,,0,64,0,64,0.0,0.0,99.33333333333333,98.8631,0.0,,4.31611,0.0,,0.04200000000000001,4016.0,,,not applicable (mesh),1,0.0,0.0,
synthetic,transpose,25,fixed,2,1,23.07220505424423,23.07220505424423,23.07220505424423,23.07220505424423,6.0,23.07220505424423,2,64,2,64,3.125,0.125,95.5,95.0759,3.8307518174121573,0.1660331905167198,4.1515,3.8138508981467036,0.1653006675859588,0.05100000000000001,6024.0,12.266666666666676,905.510462848261,k2_fixed_summary.csv (uniform reference),1,0.0,0.0,
synthetic,transpose,25,workload_aware,2,1,23.07220505424423,23.07220505424423,23.07220505424423,23.07220505424423,6.0,23.07220505424423,2,64,2,64,3.125,0.125,73.0,73.3389,25.8177216777544,1.1189967156175704,3.34695,22.454478685668345,0.9732263835587639,0.063,6024.0,16.0,982.8437302565601,k2_workload_aware_summary.csv,1,0.0,0.0,
synthetic,transpose,45,mesh,2,0,0.0,,,,,,0,64,0,64,0.0,0.0,99.33333333333333,98.8631,0.0,,4.31611,0.0,,0.04200000000000001,4016.0,,,not applicable (mesh),1,0.0,0.0,
synthetic,transpose,45,fixed,2,2,43.74718960306404,21.87359480153202,20.674984548819808,23.07220505424423,12.0,43.74718960306404,4,64,4,64,6.25,0.25,90.83333333333333,90.4665,8.493158721504795,0.19414181341856843,3.98689,7.627701796293428,0.1743586700197808,0.063,6024.0,11.20000000000001,1112.7347493473108,k2_fixed_summary.csv (uniform reference),1,20.674984548819808,4.84812660200956,0.2344923929960715
synthetic,transpose,45,workload_aware,2,1,41.349969097639615,41.349969097639615,41.349969097639615,41.349969097639615,11.0,41.349969097639615,2,64,2,64,3.125,0.125,71.66666666666667,71.5428,27.634476361756814,0.6683070620077991,3.16423,26.68792037274305,0.6454157271490314,0.03700000000000001,4016.0,24.0,2188.5761571206563,k2_workload_aware_summary.csv,1,0.0,0.0,
synthetic,permutation,5,mesh,2,0,0.0,,,,,,0,64,0,64,0.0,0.0,86.5,86.2283,0.0,,3.86497,0.0,,0.05100000000000001,8032.0,,,not applicable (mesh),1,0.0,0.0,
synthetic,permutation,5,fixed,2,1,4.794441010848843,4.794441010848843,4.794441010848843,4.794441010848843,2.0,4.794441010848843,2,64,2,64,3.125,0.125,81.4375,81.3285,5.682357184358266,1.1851970170245603,3.68348,4.695767366887716,0.9794191556976406,,8032.0,11.20000000000001,473.0781962183431,k2_fixed_summary.csv (uniform reference),1,0.0,0.0,
synthetic,permutation,5,workload_aware,2,1,4.794441010848843,4.794441010848843,4.794441010848843,4.794441010848843,2.0,4.794441010848843,2,64,2,64,3.125,0.125,81.4375,81.3285,5.682357184358266,1.1851970170245603,3.68348,4.695767366887716,0.9794191556976406,,8032.0,16.0,522.62186512828,k2_workload_aware_summary.csv,1,0.0,0.0,
synthetic,permutation,15,mesh,2,0,0.0,,,,,,0,64,0,64,0.0,0.0,86.5,86.2283,0.0,,3.86497,0.0,,0.05100000000000001,8032.0,,,not applicable (mesh),1,0.0,0.0,
synthetic,permutation,15,fixed,2,1,11.536102527122114,11.536102527122114,11.536102527122114,11.536102527122114,3.0,11.536102527122114,2,64,2,64,3.125,0.125,83.25,83.0574,3.6773309922612447,0.3187671905321233,3.74301,3.155522552568327,0.27353454471729005,,5354.666666666667,11.733333333333343,645.6647310349388,k2_fixed_summary.csv (uniform reference),1,0.0,0.0,
synthetic,permutation,15,workload_aware,2,1,13.933323032546536,13.933323032546536,13.933323032546536,13.933323032546536,4.0,13.933323032546536,2,64,2,64,3.125,0.125,79.875,79.7829,7.474808154631376,0.5364698813894675,3.62178,6.292157507044034,0.4515905855585437,,8032.0,16.0,630.4884493886525,k2_workload_aware_summary.csv,1,0.0,0.0,
synthetic,permutation,25,mesh,2,0,0.0,,,,,,0,64,0,64,0.0,0.0,86.5,86.2283,0.0,,3.86497,0.0,,0.05100000000000001,8032.0,,,not applicable (mesh),1,0.0,0.0,
synthetic,permutation,25,fixed,2,1,23.07220505424423,23.07220505424423,23.07220505424423,23.07220505424423,6.0,23.07220505424423,2,64,2,64,3.125,0.125,80.125,80.0171,7.203203588613025,0.3122026512714252,3.62142,6.30147193898012,0.27311962268733986,,5354.666666666667,12.266666666666676,905.510462848261,k2_fixed_summary.csv (uniform reference),1,0.0,0.0,
synthetic,permutation,25,workload_aware,2,1,23.07220505424423,23.07220505424423,23.07220505424423,23.07220505424423,6.0,23.07220505424423,2,64,2,64,3.125,0.125,76.625,76.6214,11.141237853465752,0.4828856984961771,3.50018,9.438365627676285,0.40907947920392024,,8032.0,16.0,756.3327976924202,k2_workload_aware_summary.csv,1,0.0,0.0,
synthetic,permutation,45,mesh,2,0,0.0,,,,,,0,64,0,64,0.0,0.0,86.5,86.2283,0.0,,3.86497,0.0,,0.05100000000000001,8032.0,,,not applicable (mesh),1,0.0,0.0,
synthetic,permutation,45,fixed,2,2,43.74718960306404,21.87359480153202,20.674984548819808,23.07220505424423,12.0,43.74718960306404,4,64,4,64,6.25,0.25,77.25,77.2131,10.45503622360641,0.23898760854055281,3.49873,9.475882089641054,0.21660550484773008,,5354.666666666667,11.20000000000001,1112.7347493473108,k2_fixed_summary.csv (uniform reference),1,20.674984548819808,3.504250966355944,0.16949231367410997
synthetic,permutation,45,workload_aware,2,2,37.00552808679077,18.502764043395384,13.933323032546538,23.07220505424423,10.0,37.00552808679077,4,64,4,64,6.25,0.25,70.0,69.9459,18.882895754642046,0.5102722952731582,3.24828,15.955880640729427,0.43117559634083225,,8032.0,16.0,918.1326740829791,k2_workload_aware_summary.csv,1,13.93332303254654,8.712317968609293,0.6252864408769094
synthetic,hotspot,5,mesh,2,0,0.0,,,,,,0,64,0,64,0.0,0.0,83.26515151515159,83.8134,0.0,,3.77858,0.0,,,7091.799331103678,,,not applicable (mesh),1,0.0,0.0,
synthetic,hotspot,5,fixed,2,1,4.794441010848843,4.794441010848843,4.794441010848843,4.794441010848843,2.0,4.794441010848843,2,64,2,64,3.125,0.125,78.96969696969708,79.5681,5.065180508128772,1.0564694604996288,3.62142,4.159234421396391,0.8675118563321337,0.05100000000000001,7091.799331103678,11.20000000000001,473.0781962183431,k2_fixed_summary.csv (uniform reference),1,0.0,0.0,
synthetic,hotspot,5,workload_aware,2,1,4.794441010848843,4.794441010848843,4.794441010848843,4.794441010848843,2.0,4.794441010848843,2,64,2,64,3.125,0.125,78.96969696969708,79.5681,5.065180508128772,1.0564694604996288,3.62142,4.159234421396391,0.8675118563321337,0.05100000000000001,7091.799331103678,18.121212121212118,495.616160159358,k2_workload_aware_summary.csv,1,0.0,0.0,
synthetic,hotspot,15,mesh,2,0,0.0,,,,,,0,64,0,64,0.0,0.0,83.26515151515159,83.8134,0.0,,3.77858,0.0,,,7091.799331103678,,,not applicable (mesh),1,0.0,0.0,
synthetic,hotspot,15,fixed,2,1,11.536102527122114,11.536102527122114,11.536102527122114,11.536102527122114,3.0,11.536102527122114,2,64,2,64,3.125,0.125,77.47916666666674,77.9132,7.039685778169121,0.6102308610397983,3.55172,6.003842713400268,0.5204394377810747,,7971.60902255639,11.733333333333343,645.6647310349388,k2_fixed_summary.csv (uniform reference),1,0.0,0.0,
synthetic,hotspot,15,workload_aware,2,1,11.536102527122116,11.536102527122116,11.536102527122116,11.536102527122116,3.0,11.536102527122116,2,64,2,64,3.125,0.125,77.23295454545462,77.5047,7.527078009005721,0.6524801588152566,3.53667,6.402140486637833,0.5549656369285892,,7200.162988115449,17.848484848484844,716.797135965971,k2_workload_aware_summary.csv,1,0.0,0.0,
synthetic,hotspot,25,mesh,2,0,0.0,,,,,,0,64,0,64,0.0,0.0,83.26515151515159,83.8134,0.0,,3.77858,0.0,,,7091.799331103678,,,not applicable (mesh),1,0.0,0.0,
synthetic,hotspot,25,fixed,2,1,23.07220505424423,23.07220505424423,23.07220505424423,23.07220505424423,6.0,23.07220505424423,2,64,2,64,3.125,0.125,77.1496212121213,77.2171,7.870221229540859,0.34111265962821785,3.50853,7.146864695202957,0.30976079999290146,0.047000000000000014,6742.282988871223,12.266666666666676,905.510462848261,k2_fixed_summary.csv (uniform reference),1,0.0,0.0,
synthetic,hotspot,25,workload_aware,2,1,23.07220505424423,23.07220505424423,23.07220505424423,23.07220505424423,6.0,23.07220505424423,2,64,2,64,3.125,0.125,74.32007575757588,74.9339,10.59436796502708,0.45918315740168936,3.41938,9.506216621058703,0.4120202901590455,,8124.321839080458,15.818181818181817,1051.446043666697,k2_workload_aware_summary.csv,1,0.0,0.0,
synthetic,hotspot,45,mesh,2,0,0.0,,,,,,0,64,0,64,0.0,0.0,83.26515151515159,83.8134,0.0,,3.77858,0.0,,,7091.799331103678,,,not applicable (mesh),1,0.0,0.0,
synthetic,hotspot,45,fixed,2,2,43.74718960306404,21.87359480153202,20.674984548819808,23.07220505424423,12.0,43.74718960306404,4,64,4,64,6.25,0.25,72.65743371212135,72.9855,12.919055902755407,0.2953116764751115,3.33902,11.632941475369048,0.26591288676871444,,7838.994454713492,11.20000000000001,1112.7347493473108,k2_fixed_summary.csv (uniform reference),1,20.674984548819808,5.480133286538862,0.26506105838186395
synthetic,hotspot,45,workload_aware,2,2,34.60830758136635,17.304153790683173,11.536102527122116,23.07220505424423,9.0,34.60830758136635,4,64,4,64,6.25,0.25,70.90601325757589,71.649,14.513669651869511,0.41936952905734975,3.29256,12.862503903582825,0.37165943100055543,0.056000000000000015,8498.789579158314,15.12121212121212,1193.765210874375,k2_workload_aware_summary.csv,1,11.536102527122118,4.383730194211156,0.3800009738041704
synthetic,random_uniform,5,mesh,4,0,0.0,,,,,,0,64,0,64,0.0,0.0,80.66666666666697,80.7861,0.0,,3.67055,0.0,,,8605.71428571429,,,not applicable (mesh),2,0.0,0.0,
synthetic,random_uniform,5,fixed,4,1,4.794441010848843,4.794441010848843,4.794441010848843,4.794441010848843,2.0,4.794441010848843,2,64,2,64,3.125,0.125,77.06666666666693,77.0886,4.576901224344293,0.9546266632518157,3.53358,3.7315933579436273,0.7783166691382357,,11474.285714285717,11.20000000000001,473.0781962183431,k4_fixed_summary.csv (uniform reference),2,0.0,0.0,
synthetic,random_uniform,5,workload_aware,4,1,4.794441010848843,4.794441010848843,4.794441010848843,4.794441010848843,2.0,4.794441010848843,2,64,2,64,3.125,0.125,77.06666666666693,77.0886,4.576901224344293,0.9546266632518157,3.53358,3.7315933579436273,0.7783166691382357,,11474.285714285717,11.20000000000001,473.0781962183431,k4_workload_aware_summary.csv,2,0.0,0.0,
synthetic,random_uniform,15,mesh,4,0,0.0,,,,,,0,64,0,64,0.0,0.0,80.66666666666697,80.7861,0.0,,3.67055,0.0,,,8605.71428571429,,,not applicable (mesh),2,0.0,0.0,
synthetic,random_uniform,15,fixed,4,1,11.536102527122114,11.536102527122114,11.536102527122114,11.536102527122114,3.0,11.536102527122114,2,64,2,64,3.125,0.125,75.90000000000023,76.1842,5.69640074220689,0.49378901832870226,3.4936,4.82080342183052,0.4178883995263134,,10952.727272727276,11.733333333333343,645.6647310349388,k4_fixed_summary.csv (uniform reference),2,0.0,0.0,
synthetic,random_uniform,15,workload_aware,4,1,11.536102527122114,11.536102527122114,11.536102527122114,11.536102527122114,3.0,11.536102527122114,2,64,2,64,3.125,0.125,75.90000000000023,76.1842,5.69640074220689,0.49378901832870226,3.4936,4.82080342183052,0.4178883995263134,,10952.727272727276,11.733333333333343,645.6647310349388,k4_workload_aware_summary.csv,2,0.0,0.0,
synthetic,random_uniform,25,mesh,4,0,0.0,,,,,,0,64,0,64,0.0,0.0,80.66666666666697,80.7861,0.0,,3.67055,0.0,,,8605.71428571429,,,not applicable (mesh),2,0.0,0.0,
synthetic,random_uniform,25,fixed,4,1,23.07220505424423,23.07220505424423,23.07220505424423,23.07220505424423,6.0,23.07220505424423,2,64,2,64,3.125,0.125,74.58333333333354,74.5216,7.754428051360318,0.3360939291727497,3.41452,6.975248940894416,0.302322596582995,0.063,10476.521739130438,12.266666666666676,905.510462848261,k4_fixed_summary.csv (uniform reference),2,0.0,0.0,
synthetic,random_uniform,25,workload_aware,4,1,23.07220505424423,23.07220505424423,23.07220505424423,23.07220505424423,6.0,23.07220505424423,2,64,2,64,3.125,0.125,74.58333333333354,74.5216,7.754428051360318,0.3360939291727497,3.41452,6.975248940894416,0.302322596582995,0.063,10476.521739130438,12.266666666666676,905.510462848261,k4_workload_aware_summary.csv,2,0.0,0.0,
synthetic,random_uniform,45,mesh,4,0,0.0,,,,,,0,64,0,64,0.0,0.0,80.66666666666697,80.7861,0.0,,3.67055,0.0,,,8605.71428571429,,,not applicable (mesh),2,0.0,0.0,
synthetic,random_uniform,45,fixed,4,2,43.74718960306404,21.87359480153202,20.674984548819808,23.07220505424423,12.0,43.74718960306404,4,64,4,64,6.25,0.25,71.09583333333354,70.8544,12.29382282348078,0.28101971658128466,3.26679,10.999986378063236,0.2514444122667208,,11474.285714285717,11.20000000000001,1112.7347493473108,k4_fixed_summary.csv (uniform reference),2,0.0,0.0,
synthetic,random_uniform,45,workload_aware,4,2,43.74718960306404,21.87359480153202,20.674984548819808,23.07220505424423,12.0,43.74718960306404,4,64,4,64,6.25,0.25,71.09583333333354,70.8544,12.29382282348078,0.28101971658128466,3.26679,10.999986378063236,0.2514444122667208,,11474.285714285717,11.20000000000001,1112.7347493473108,k4_workload_aware_summary.csv,2,0.0,0.0,
synthetic,transpose,5,mesh,4,0,0.0,,,,,,0,64,0,64,0.0,0.0,99.33333333333333,98.8631,0.0,,4.31611,0.0,,0.04200000000000001,4016.0,,,not applicable (mesh),2,0.0,0.0,
synthetic,transpose,5,fixed,4,1,4.794441010848843,4.794441010848843,4.794441010848843,4.794441010848843,2.0,4.794441010848843,2,64,2,64,3.125,0.125,99.33333333333333,98.8631,0.0,0.0,4.31611,0.0,0.0,0.04200000000000001,4016.0,11.20000000000001,473.0781962183431,k4_fixed_summary.csv (uniform reference),2,0.0,0.0,
synthetic,transpose,5,workload_aware,4,1,4.794441010848846,4.794441010848846,4.794441010848846,4.794441010848846,2.0,4.794441010848846,2,64,2,64,3.125,0.125,85.83333333333333,85.7166,13.29768133914474,2.773562404679667,3.82921,11.280991448318053,2.352931535249148,0.04200000000000001,4016.0,24.0,515.4218651282802,k4_workload_aware_summary.csv,2,0.0,0.0,
synthetic,transpose,15,mesh,4,0,0.0,,,,,,0,64,0,64,0.0,0.0,99.33333333333333,98.8631,0.0,,4.31611,0.0,,0.04200000000000001,4016.0,,,not applicable (mesh),2,0.0,0.0,
synthetic,transpose,15,fixed,4,1,11.536102527122114,11.536102527122114,11.536102527122114,11.536102527122114,3.0,11.536102527122114,2,64,2,64,3.125,0.125,90.66666666666667,90.4634,8.496294370700504,0.7364960870211731,3.99306,7.484748998519507,0.6488108944006334,0.05100000000000001,6024.0,11.733333333333343,645.6647310349388,k4_fixed_summary.csv (uniform reference),2,0.0,0.0,
synthetic,transpose,15,workload_aware,4,1,13.933323032546536,13.933323032546536,13.933323032546536,13.933323032546536,4.0,13.933323032546536,2,64,2,64,3.125,0.125,81.66666666666667,81.7382,17.321831906950113,1.24319459661478,3.67001,14.969497997039003,1.0743666792244815,0.063,6024.0,16.0,731.1550336490246,k4_workload_aware_summary.csv,2,0.0,0.0,
synthetic,transpose,25,mesh,4,0,0.0,,,,,,0,64,0,64,0.0,0.0,99.33333333333333,98.8631,0.0,,4.31611,0.0,,0.04200000000000001,4016.0,,,not applicable (mesh),2,0.0,0.0,
synthetic,transpose,25,fixed,4,1,23.07220505424423,23.07220505424423,23.07220505424423,23.07220505424423,6.0,23.07220505424423,2,64,2,64,3.125,0.125,95.5,95.0759,3.8307518174121573,0.1660331905167198,4.1515,3.8138508981467036,0.1653006675859588,0.05100000000000001,6024.0,12.266666666666676,905.510462848261,k4_fixed_summary.csv (uniform reference),2,0.0,0.0,
synthetic,transpose,25,workload_aware,4,1,23.07220505424423,23.07220505424423,23.07220505424423,23.07220505424423,6.0,23.07220505424423,2,64,2,64,3.125,0.125,73.0,73.3389,25.8177216777544,1.1189967156175704,3.34695,22.454478685668345,0.9732263835587639,0.063,6024.0,16.0,982.8437302565601,k4_workload_aware_summary.csv,2,0.0,0.0,
synthetic,transpose,45,mesh,4,0,0.0,,,,,,0,64,0,64,0.0,0.0,99.33333333333333,98.8631,0.0,,4.31611,0.0,,0.04200000000000001,4016.0,,,not applicable (mesh),2,0.0,0.0,
synthetic,transpose,45,fixed,4,2,43.74718960306404,21.87359480153202,20.674984548819808,23.07220505424423,12.0,43.74718960306404,4,64,4,64,6.25,0.25,90.83333333333333,90.4665,8.493158721504795,0.19414181341856843,3.98689,7.627701796293428,0.1743586700197808,0.063,6024.0,11.20000000000001,1112.7347493473108,k4_fixed_summary.csv (uniform reference),2,0.0,0.0,
synthetic,transpose,45,workload_aware,4,1,41.349969097639615,41.349969097639615,41.349969097639615,41.349969097639615,11.0,41.349969097639615,2,64,2,64,3.125,0.125,71.66666666666667,71.5428,27.634476361756814,0.6683070620077991,3.16423,26.68792037274305,0.6454157271490314,0.03700000000000001,4016.0,24.0,2188.5761571206563,k4_workload_aware_summary.csv,2,0.0,0.0,
synthetic,permutation,5,mesh,4,0,0.0,,,,,,0,64,0,64,0.0,0.0,86.5,86.2283,0.0,,3.86497,0.0,,0.05100000000000001,8032.0,,,not applicable (mesh),2,0.0,0.0,
synthetic,permutation,5,fixed,4,1,4.794441010848843,4.794441010848843,4.794441010848843,4.794441010848843,2.0,4.794441010848843,2,64,2,64,3.125,0.125,81.4375,81.3285,5.682357184358266,1.1851970170245603,3.68348,4.695767366887716,0.9794191556976406,,8032.0,11.20000000000001,473.0781962183431,k4_fixed_summary.csv (uniform reference),2,0.0,0.0,
synthetic,permutation,5,workload_aware,4,1,4.794441010848843,4.794441010848843,4.794441010848843,4.794441010848843,2.0,4.794441010848843,2,64,2,64,3.125,0.125,81.4375,81.3285,5.682357184358266,1.1851970170245603,3.68348,4.695767366887716,0.9794191556976406,,8032.0,16.0,522.62186512828,k4_workload_aware_summary.csv,2,0.0,0.0,
synthetic,permutation,15,mesh,4,0,0.0,,,,,,0,64,0,64,0.0,0.0,86.5,86.2283,0.0,,3.86497,0.0,,0.05100000000000001,8032.0,,,not applicable (mesh),2,0.0,0.0,
synthetic,permutation,15,fixed,4,1,11.536102527122114,11.536102527122114,11.536102527122114,11.536102527122114,3.0,11.536102527122114,2,64,2,64,3.125,0.125,83.25,83.0574,3.6773309922612447,0.3187671905321233,3.74301,3.155522552568327,0.27353454471729005,,5354.666666666667,11.733333333333343,645.6647310349388,k4_fixed_summary.csv (uniform reference),2,0.0,0.0,
synthetic,permutation,15,workload_aware,4,1,13.933323032546536,13.933323032546536,13.933323032546536,13.933323032546536,4.0,13.933323032546536,2,64,2,64,3.125,0.125,79.875,79.7829,7.474808154631376,0.5364698813894675,3.62178,6.292157507044034,0.4515905855585437,,8032.0,16.0,630.4884493886525,k4_workload_aware_summary.csv,2,0.0,0.0,
synthetic,permutation,25,mesh,4,0,0.0,,,,,,0,64,0,64,0.0,0.0,86.5,86.2283,0.0,,3.86497,0.0,,0.05100000000000001,8032.0,,,not applicable (mesh),2,0.0,0.0,
synthetic,permutation,25,fixed,4,1,23.07220505424423,23.07220505424423,23.07220505424423,23.07220505424423,6.0,23.07220505424423,2,64,2,64,3.125,0.125,80.125,80.0171,7.203203588613025,0.3122026512714252,3.62142,6.30147193898012,0.27311962268733986,,5354.666666666667,12.266666666666676,905.510462848261,k4_fixed_summary.csv (uniform reference),2,0.0,0.0,
synthetic,permutation,25,workload_aware,4,1,23.07220505424423,23.07220505424423,23.07220505424423,23.07220505424423,6.0,23.07220505424423,2,64,2,64,3.125,0.125,76.625,76.6214,11.141237853465752,0.4828856984961771,3.50018,9.438365627676285,0.40907947920392024,,8032.0,16.0,756.3327976924202,k4_workload_aware_summary.csv,2,0.0,0.0,
synthetic,permutation,45,mesh,4,0,0.0,,,,,,0,64,0,64,0.0,0.0,86.5,86.2283,0.0,,3.86497,0.0,,0.05100000000000001,8032.0,,,not applicable (mesh),2,0.0,0.0,
synthetic,permutation,45,fixed,4,2,43.74718960306404,21.87359480153202,20.674984548819808,23.07220505424423,12.0,43.74718960306404,4,64,4,64,6.25,0.25,77.25,77.2131,10.45503622360641,0.23898760854055281,3.49873,9.475882089641054,0.21660550484773008,,5354.666666666667,11.20000000000001,1112.7347493473108,k4_fixed_summary.csv (uniform reference),2,0.0,0.0,
synthetic,permutation,45,workload_aware,4,3,41.79996909763961,13.933323032546538,4.794441010848844,23.07220505424423,12.0,41.79996909763961,6,64,6,64,9.375,0.375,66.625,66.8094,22.520332651809216,0.5387643373420797,3.13212,18.961337345438643,0.4536208460141987,,8032.0,16.0,954.0882021697696,k4_workload_aware_summary.csv,2,4.794441010848843,4.484179916192369,0.935287326728097
synthetic,hotspot,5,mesh,4,0,0.0,,,,,,0,64,0,64,0.0,0.0,83.26515151515159,83.8134,0.0,,3.77858,0.0,,,7091.799331103678,,,not applicable (mesh),2,0.0,0.0,
synthetic,hotspot,5,fixed,4,1,4.794441010848843,4.794441010848843,4.794441010848843,4.794441010848843,2.0,4.794441010848843,2,64,2,64,3.125,0.125,78.96969696969708,79.5681,5.065180508128772,1.0564694604996288,3.62142,4.159234421396391,0.8675118563321337,0.05100000000000001,7091.799331103678,11.20000000000001,473.0781962183431,k4_fixed_summary.csv (uniform reference),2,0.0,0.0,
synthetic,hotspot,5,workload_aware,4,1,4.794441010848843,4.794441010848843,4.794441010848843,4.794441010848843,2.0,4.794441010848843,2,64,2,64,3.125,0.125,78.96969696969708,79.5681,5.065180508128772,1.0564694604996288,3.62142,4.159234421396391,0.8675118563321337,0.05100000000000001,7091.799331103678,18.121212121212118,495.616160159358,k4_workload_aware_summary.csv,2,0.0,0.0,
synthetic,hotspot,15,mesh,4,0,0.0,,,,,,0,64,0,64,0.0,0.0,83.26515151515159,83.8134,0.0,,3.77858,0.0,,,7091.799331103678,,,not applicable (mesh),2,0.0,0.0,
synthetic,hotspot,15,fixed,4,1,11.536102527122114,11.536102527122114,11.536102527122114,11.536102527122114,3.0,11.536102527122114,2,64,2,64,3.125,0.125,77.47916666666674,77.9132,7.039685778169121,0.6102308610397983,3.55172,6.003842713400268,0.5204394377810747,,7971.60902255639,11.733333333333343,645.6647310349388,k4_fixed_summary.csv (uniform reference),2,0.0,0.0,
synthetic,hotspot,15,workload_aware,4,1,11.536102527122116,11.536102527122116,11.536102527122116,11.536102527122116,3.0,11.536102527122116,2,64,2,64,3.125,0.125,77.23295454545462,77.5047,7.527078009005721,0.6524801588152566,3.53667,6.402140486637833,0.5549656369285892,,7200.162988115449,17.848484848484844,716.797135965971,k4_workload_aware_summary.csv,2,0.0,0.0,
synthetic,hotspot,25,mesh,4,0,0.0,,,,,,0,64,0,64,0.0,0.0,83.26515151515159,83.8134,0.0,,3.77858,0.0,,,7091.799331103678,,,not applicable (mesh),2,0.0,0.0,
synthetic,hotspot,25,fixed,4,1,23.07220505424423,23.07220505424423,23.07220505424423,23.07220505424423,6.0,23.07220505424423,2,64,2,64,3.125,0.125,77.1496212121213,77.2171,7.870221229540859,0.34111265962821785,3.50853,7.146864695202957,0.30976079999290146,0.047000000000000014,6742.282988871223,12.266666666666676,905.510462848261,k4_fixed_summary.csv (uniform reference),2,0.0,0.0,
synthetic,hotspot,25,workload_aware,4,1,23.07220505424423,23.07220505424423,23.07220505424423,23.07220505424423,6.0,23.07220505424423,2,64,2,64,3.125,0.125,74.32007575757588,74.9339,10.59436796502708,0.45918315740168936,3.41938,9.506216621058703,0.4120202901590455,,8124.321839080458,15.818181818181817,1051.446043666697,k4_workload_aware_summary.csv,2,0.0,0.0,
synthetic,hotspot,45,mesh,4,0,0.0,,,,,,0,64,0,64,0.0,0.0,83.26515151515159,83.8134,0.0,,3.77858,0.0,,,7091.799331103678,,,not applicable (mesh),2,0.0,0.0,
synthetic,hotspot,45,fixed,4,2,43.74718960306404,21.87359480153202,20.674984548819808,23.07220505424423,12.0,43.74718960306404,4,64,4,64,6.25,0.25,72.65743371212135,72.9855,12.919055902755407,0.2953116764751115,3.33902,11.632941475369048,0.26591288676871444,,7838.994454713492,11.20000000000001,1112.7347493473108,k4_fixed_summary.csv (uniform reference),2,0.0,0.0,
synthetic,hotspot,45,workload_aware,4,4,44.19718960306405,11.04929740076601,4.794441010848846,23.07220505424423,13.0,44.19718960306405,8,64,8,64,12.5,0.5,67.24053030303044,67.7942,19.11293420861103,0.43244682253022704,3.14664,16.724272081046312,0.37840125653344425,,7941.752808988762,16.18181818181818,1283.6872811340158,k4_workload_aware_summary.csv,2,9.5888820216977,5.380116959064324,0.5610786478434303
stage,gpt_fsdp,5,mesh,1,0,0.0,,,,,,0,64,0,64,0.0,0.0,58.5,58.0929,0.0,,2.86025,0.0,,0.064,8032.0,,,not applicable (mesh),,,,
stage,gpt_fsdp,5,fixed,1,1,4.794441010848843,4.794441010848843,4.794441010848843,4.794441010848843,2.0,4.794441010848843,2,64,2,64,3.125,0.125,56.8125,56.4486,2.8304663736876643,0.5903642087331757,2.79927,2.1319814701512194,0.4446777977509745,0.064,8032.0,11.20000000000001,473.0781962183431,k1_fixed_selections.csv (uniform reference),,,,
stage,gpt_fsdp,5,workload_aware,1,1,4.794441010848848,4.794441010848848,4.794441010848848,4.794441010848848,2.0,4.794441010848848,2,64,2,64,3.125,0.125,56.8125,56.4465,2.834081273270916,0.5911181860112502,2.79927,2.1319814701512194,0.444677797750974,0.125,16064.0,8.0,323.64422469432617,stage_workload_aware_summary.csv,,,,
stage,gpt_fsdp,5,mesh,2,0,0.0,,,,,,0,64,0,64,0.0,0.0,58.5,58.0929,0.0,,2.86025,0.0,,0.064,8032.0,,,not applicable (mesh),1,0.0,0.0,
stage,gpt_fsdp,5,fixed,2,1,4.794441010848843,4.794441010848843,4.794441010848843,4.794441010848843,2.0,4.794441010848843,2,64,2,64,3.125,0.125,56.8125,56.4486,2.8304663736876643,0.5903642087331757,2.79927,2.1319814701512194,0.4446777977509745,0.064,8032.0,11.20000000000001,473.0781962183431,k2_fixed_summary.csv (uniform reference),1,0.0,0.0,
stage,gpt_fsdp,5,workload_aware,2,1,4.794441010848848,4.794441010848848,4.794441010848848,4.794441010848848,2.0,4.794441010848848,2,64,2,64,3.125,0.125,56.8125,56.4465,2.834081273270916,0.5911181860112502,2.79927,2.1319814701512194,0.444677797750974,0.125,16064.0,8.0,323.64422469432617,stage_workload_aware_summary.csv,1,0.0,0.0,
stage,gpt_fsdp,5,mesh,4,0,0.0,,,,,,0,64,0,64,0.0,0.0,58.5,58.0929,0.0,,2.86025,0.0,,0.064,8032.0,,,not applicable (mesh),2,0.0,0.0,
stage,gpt_fsdp,5,fixed,4,1,4.794441010848843,4.794441010848843,4.794441010848843,4.794441010848843,2.0,4.794441010848843,2,64,2,64,3.125,0.125,56.8125,56.4486,2.8304663736876643,0.5903642087331757,2.79927,2.1319814701512194,0.4446777977509745,0.064,8032.0,11.20000000000001,473.0781962183431,k4_fixed_summary.csv (uniform reference),2,0.0,0.0,
stage,gpt_fsdp,5,workload_aware,4,1,4.794441010848848,4.794441010848848,4.794441010848848,4.794441010848848,2.0,4.794441010848848,2,64,2,64,3.125,0.125,56.8125,56.4465,2.834081273270916,0.5911181860112502,2.79927,2.1319814701512194,0.444677797750974,0.125,16064.0,8.0,323.64422469432617,stage_workload_aware_summary.csv,2,0.0,0.0,
stage,gpt_fsdp,15,mesh,1,0,0.0,,,,,,0,64,0,64,0.0,0.0,58.5,58.0929,0.0,,2.86025,0.0,,0.064,8032.0,,,not applicable (mesh),,,,
stage,gpt_fsdp,15,fixed,1,1,11.536102527122114,11.536102527122114,11.536102527122114,11.536102527122114,3.0,11.536102527122114,2,64,2,64,3.125,0.125,53.625,53.2918,8.264521137694965,0.7164049659115413,2.6755,6.459225592168523,0.5599140244274416,0.04300000000000001,5354.666666666667,11.733333333333343,645.6647310349388,k1_fixed_selections.csv (uniform reference),,,,
stage,gpt_fsdp,15,workload_aware,1,1,13.933323032546538,13.933323032546538,13.933323032546538,13.933323032546538,4.0,13.933323032546538,2,64,2,64,3.125,0.125,55.1875,54.861,5.563330458627479,0.3992823855179572,2.73829,4.263962940302423,0.30602627458950943,0.125,16064.0,8.0,386.56639884621,stage_workload_aware_summary.csv,,,,
stage,gpt_fsdp,15,mesh,2,0,0.0,,,,,,0,64,0,64,0.0,0.0,58.5,58.0929,0.0,,2.86025,0.0,,0.064,8032.0,,,not applicable (mesh),1,0.0,0.0,
stage,gpt_fsdp,15,fixed,2,1,11.536102527122114,11.536102527122114,11.536102527122114,11.536102527122114,3.0,11.536102527122114,2,64,2,64,3.125,0.125,53.625,53.2918,8.264521137694965,0.7164049659115413,2.6755,6.459225592168523,0.5599140244274416,0.04300000000000001,5354.666666666667,11.733333333333343,645.6647310349388,k2_fixed_summary.csv (uniform reference),1,0.0,0.0,
stage,gpt_fsdp,15,workload_aware,2,1,13.933323032546538,13.933323032546538,13.933323032546538,13.933323032546538,4.0,13.933323032546538,2,64,2,64,3.125,0.125,55.1875,54.861,5.563330458627479,0.3992823855179572,2.73829,4.263962940302423,0.30602627458950943,0.125,16064.0,8.0,386.56639884621,stage_workload_aware_summary.csv,1,0.0,0.0,
stage,gpt_fsdp,15,mesh,4,0,0.0,,,,,,0,64,0,64,0.0,0.0,58.5,58.0929,0.0,,2.86025,0.0,,0.064,8032.0,,,not applicable (mesh),2,0.0,0.0,
stage,gpt_fsdp,15,fixed,4,1,11.536102527122114,11.536102527122114,11.536102527122114,11.536102527122114,3.0,11.536102527122114,2,64,2,64,3.125,0.125,53.625,53.2918,8.264521137694965,0.7164049659115413,2.6755,6.459225592168523,0.5599140244274416,0.04300000000000001,5354.666666666667,11.733333333333343,645.6647310349388,k4_fixed_summary.csv (uniform reference),2,0.0,0.0,
stage,gpt_fsdp,15,workload_aware,4,1,13.933323032546538,13.933323032546538,13.933323032546538,13.933323032546538,4.0,13.933323032546538,2,64,2,64,3.125,0.125,55.1875,54.861,5.563330458627479,0.3992823855179572,2.73829,4.263962940302423,0.30602627458950943,0.125,16064.0,8.0,386.56639884621,stage_workload_aware_summary.csv,2,0.0,0.0,
stage,gpt_fsdp,25,mesh,1,0,0.0,,,,,,0,64,0,64,0.0,0.0,58.5,58.0929,0.0,,2.86025,0.0,,0.064,8032.0,,,not applicable (mesh),,,,
stage,gpt_fsdp,25,fixed,1,1,23.07220505424423,23.07220505424423,23.07220505424423,23.07220505424423,6.0,23.07220505424423,2,64,2,64,3.125,0.125,53.5625,53.2755,8.29257964398403,0.35941860019394095,2.67731,6.395944410453643,0.2772142669249154,0.064,8032.0,12.266666666666676,905.510462848261,k1_fixed_selections.csv (uniform reference),,,,
stage,gpt_fsdp,25,workload_aware,1,1,20.674984548819808,20.674984548819808,20.674984548819808,20.674984548819808,6.0,20.674984548819808,2,64,2,64,3.125,0.125,52.125,51.8555,10.736940314565121,0.5193203549541718,2.61561,8.553098505375404,0.4136931026564487,0.064,8032.0,16.0,575.3329213018617,stage_workload_aware_summary.csv,,,,
stage,gpt_fsdp,25,mesh,2,0,0.0,,,,,,0,64,0,64,0.0,0.0,58.5,58.0929,0.0,,2.86025,0.0,,0.064,8032.0,,,not applicable (mesh),1,0.0,0.0,
stage,gpt_fsdp,25,fixed,2,1,23.07220505424423,23.07220505424423,23.07220505424423,23.07220505424423,6.0,23.07220505424423,2,64,2,64,3.125,0.125,53.5625,53.2755,8.29257964398403,0.35941860019394095,2.67731,6.395944410453643,0.2772142669249154,0.064,8032.0,12.266666666666676,905.510462848261,k2_fixed_summary.csv (uniform reference),1,0.0,0.0,
stage,gpt_fsdp,25,workload_aware,2,1,20.674984548819808,20.674984548819808,20.674984548819808,20.674984548819808,6.0,20.674984548819808,2,64,2,64,3.125,0.125,52.125,51.8555,10.736940314565121,0.5193203549541718,2.61561,8.553098505375404,0.4136931026564487,0.064,8032.0,16.0,575.3329213018617,stage_workload_aware_summary.csv,1,0.0,0.0,
stage,gpt_fsdp,25,mesh,4,0,0.0,,,,,,0,64,0,64,0.0,0.0,58.5,58.0929,0.0,,2.86025,0.0,,0.064,8032.0,,,not applicable (mesh),2,0.0,0.0,
stage,gpt_fsdp,25,fixed,4,1,23.07220505424423,23.07220505424423,23.07220505424423,23.07220505424423,6.0,23.07220505424423,2,64,2,64,3.125,0.125,53.5625,53.2755,8.29257964398403,0.35941860019394095,2.67731,6.395944410453643,0.2772142669249154,0.064,8032.0,12.266666666666676,905.510462848261,k4_fixed_summary.csv (uniform reference),2,0.0,0.0,
stage,gpt_fsdp,25,workload_aware,4,1,20.674984548819808,20.674984548819808,20.674984548819808,20.674984548819808,6.0,20.674984548819808,2,64,2,64,3.125,0.125,52.125,51.8555,10.736940314565121,0.5193203549541718,2.61561,8.553098505375404,0.4136931026564487,0.064,8032.0,16.0,575.3329213018617,stage_workload_aware_summary.csv,2,0.0,0.0,
stage,gpt_fsdp,45,mesh,1,0,0.0,,,,,,0,64,0,64,0.0,0.0,58.5,58.0929,0.0,,2.86025,0.0,,0.064,8032.0,,,not applicable (mesh),,,,
stage,gpt_fsdp,45,fixed,1,1,23.07220505424423,23.07220505424423,23.07220505424423,23.07220505424423,6.0,23.07220505424423,2,64,2,64,3.125,0.125,53.5625,53.2755,8.29257964398403,0.35941860019394095,2.67731,6.395944410453643,0.2772142669249154,0.064,8032.0,12.266666666666676,905.510462848261,k1_fixed_selections.csv (uniform reference),,,,
stage,gpt_fsdp,45,workload_aware,1,1,41.349969097639615,41.349969097639615,41.349969097639615,41.349969097639615,11.0,41.349969097639615,2,64,2,64,3.125,0.125,50.375,50.1655,13.646073788707396,0.3300141230211066,2.55535,10.659907350756065,0.25779722653685283,0.12,16064.0,8.0,575.3329213018616,stage_workload_aware_summary.csv,,,,
stage,gpt_fsdp,45,mesh,2,0,0.0,,,,,,0,64,0,64,0.0,0.0,58.5,58.0929,0.0,,2.86025,0.0,,0.064,8032.0,,,not applicable (mesh),1,0.0,0.0,
stage,gpt_fsdp,45,fixed,2,2,43.74718960306404,21.87359480153202,20.674984548819808,23.07220505424423,12.0,43.74718960306404,4,64,4,64,6.25,0.25,47.1875,47.0185,19.06325902132618,0.43575962694506426,2.43194,14.974565160388083,0.342297763496544,0.063,8032.0,11.20000000000001,1112.7347493473108,k2_fixed_summary.csv (uniform reference),1,20.674984548819808,11.74461056207825,0.5680589765059181
stage,gpt_fsdp,45,workload_aware,2,1,41.349969097639615,41.349969097639615,41.349969097639615,41.349969097639615,11.0,41.349969097639615,2,64,2,64,3.125,0.125,50.375,50.1655,13.646073788707396,0.3300141230211066,2.55535,10.659907350756065,0.25779722653685283,0.12,16064.0,8.0,575.3329213018616,stage_workload_aware_summary.csv,1,0.0,0.0,
stage,gpt_fsdp,45,mesh,4,0,0.0,,,,,,0,64,0,64,0.0,0.0,58.5,58.0929,0.0,,2.86025,0.0,,0.064,8032.0,,,not applicable (mesh),2,0.0,0.0,
stage,gpt_fsdp,45,fixed,4,2,43.74718960306404,21.87359480153202,20.674984548819808,23.07220505424423,12.0,43.74718960306404,4,64,4,64,6.25,0.25,47.1875,47.0185,19.06325902132618,0.43575962694506426,2.43194,14.974565160388083,0.342297763496544,0.063,8032.0,11.20000000000001,1112.7347493473108,k4_fixed_summary.csv (uniform reference),2,0.0,0.0,
stage,gpt_fsdp,45,workload_aware,4,1,41.349969097639615,41.349969097639615,41.349969097639615,41.349969097639615,11.0,41.349969097639615,2,64,2,64,3.125,0.125,50.375,50.1655,13.646073788707396,0.3300141230211066,2.55535,10.659907350756065,0.25779722653685283,0.12,16064.0,8.0,575.3329213018616,stage_workload_aware_summary.csv,2,0.0,0.0,
stage,gpt_pipeline,5,mesh,1,0,0.0,,,,,,0,64,0,64,0.0,0.0,47.80094786729862,45.8875,0.0,,2.42432,0.0,,0.09800000000000003,8259.025341130606,,,not applicable (mesh),,,,
stage,gpt_pipeline,5,fixed,1,1,4.794441010848843,4.794441010848843,4.794441010848843,4.794441010848843,2.0,4.794441010848843,2,64,2,64,3.125,0.125,47.80094786729862,45.8875,0.0,0.0,2.42432,0.0,0.0,0.09800000000000003,8259.025341130606,11.20000000000001,473.0781962183431,k1_fixed_selections.csv (uniform reference),,,,
stage,gpt_pipeline,5,workload_aware,1,1,4.794441010848843,4.794441010848843,4.794441010848843,4.794441010848843,2.0,4.794441010848843,2,64,2,64,3.125,0.125,47.80094786729862,45.8875,0.0,0.0,2.42432,0.0,0.0,0.09800000000000003,8259.025341130606,15.906976744186046,248.79828192517604,stage_workload_aware_summary.csv,,,,
stage,gpt_pipeline,5,mesh,2,0,0.0,,,,,,0,64,0,64,0.0,0.0,47.80094786729862,45.8875,0.0,,2.42432,0.0,,0.09800000000000003,8259.025341130606,,,not applicable (mesh),1,0.0,0.0,
stage,gpt_pipeline,5,fixed,2,1,4.794441010848843,4.794441010848843,4.794441010848843,4.794441010848843,2.0,4.794441010848843,2,64,2,64,3.125,0.125,47.80094786729862,45.8875,0.0,0.0,2.42432,0.0,0.0,0.09800000000000003,8259.025341130606,11.20000000000001,473.0781962183431,k2_fixed_summary.csv (uniform reference),1,0.0,0.0,
stage,gpt_pipeline,5,workload_aware,2,1,4.794441010848843,4.794441010848843,4.794441010848843,4.794441010848843,2.0,4.794441010848843,2,64,2,64,3.125,0.125,47.80094786729862,45.8875,0.0,0.0,2.42432,0.0,0.0,0.09800000000000003,8259.025341130606,15.906976744186046,248.79828192517604,stage_workload_aware_summary.csv,1,0.0,0.0,
stage,gpt_pipeline,5,mesh,4,0,0.0,,,,,,0,64,0,64,0.0,0.0,47.80094786729862,45.8875,0.0,,2.42432,0.0,,0.09800000000000003,8259.025341130606,,,not applicable (mesh),2,0.0,0.0,
stage,gpt_pipeline,5,fixed,4,1,4.794441010848843,4.794441010848843,4.794441010848843,4.794441010848843,2.0,4.794441010848843,2,64,2,64,3.125,0.125,47.80094786729862,45.8875,0.0,0.0,2.42432,0.0,0.0,0.09800000000000003,8259.025341130606,11.20000000000001,473.0781962183431,k4_fixed_summary.csv (uniform reference),2,0.0,0.0,
stage,gpt_pipeline,5,workload_aware,4,1,4.794441010848843,4.794441010848843,4.794441010848843,4.794441010848843,2.0,4.794441010848843,2,64,2,64,3.125,0.125,47.80094786729862,45.8875,0.0,0.0,2.42432,0.0,0.0,0.09800000000000003,8259.025341130606,15.906976744186046,248.79828192517604,stage_workload_aware_summary.csv,2,0.0,0.0,
stage,gpt_pipeline,15,mesh,1,0,0.0,,,,,,0,64,0,64,0.0,0.0,47.80094786729862,45.8875,0.0,,2.42432,0.0,,0.09800000000000003,8259.025341130606,,,not applicable (mesh),,,,
stage,gpt_pipeline,15,fixed,1,1,11.536102527122114,11.536102527122114,11.536102527122114,11.536102527122114,3.0,11.536102527122114,2,64,2,64,3.125,0.125,47.739336492891034,44.755,2.4679923726505044,0.2139364110927496,2.38076,1.7967925026399083,0.15575386040610634,0.09800000000000003,8259.025341130606,11.733333333333343,645.6647310349388,k1_fixed_selections.csv (uniform reference),,,,
stage,gpt_pipeline,15,workload_aware,1,1,11.536102527122114,11.536102527122114,11.536102527122114,11.536102527122114,3.0,11.536102527122114,2,64,2,64,3.125,0.125,44.65876777251187,44.1408,3.806483247071651,0.32996267483947594,2.35717,2.769848864836318,0.24010265670959724,0.09800000000000003,8259.025341130606,15.906976744186046,390.94804412876806,stage_workload_aware_summary.csv,,,,
stage,gpt_pipeline,15,mesh,2,0,0.0,,,,,,0,64,0,64,0.0,0.0,47.80094786729862,45.8875,0.0,,2.42432,0.0,,0.09800000000000003,8259.025341130606,,,not applicable (mesh),1,0.0,0.0,
stage,gpt_pipeline,15,fixed,2,1,11.536102527122114,11.536102527122114,11.536102527122114,11.536102527122114,3.0,11.536102527122114,2,64,2,64,3.125,0.125,47.739336492891034,44.755,2.4679923726505044,0.2139364110927496,2.38076,1.7967925026399083,0.15575386040610634,0.09800000000000003,8259.025341130606,11.733333333333343,645.6647310349388,k2_fixed_summary.csv (uniform reference),1,0.0,0.0,
stage,gpt_pipeline,15,workload_aware,2,1,11.536102527122114,11.536102527122114,11.536102527122114,11.536102527122114,3.0,11.536102527122114,2,64,2,64,3.125,0.125,44.65876777251187,44.1408,3.806483247071651,0.32996267483947594,2.35717,2.769848864836318,0.24010265670959724,0.09800000000000003,8259.025341130606,15.906976744186046,390.94804412876806,stage_workload_aware_summary.csv,1,0.0,0.0,
stage,gpt_pipeline,15,mesh,4,0,0.0,,,,,,0,64,0,64,0.0,0.0,47.80094786729862,45.8875,0.0,,2.42432,0.0,,0.09800000000000003,8259.025341130606,,,not applicable (mesh),2,0.0,0.0,
stage,gpt_pipeline,15,fixed,4,1,11.536102527122114,11.536102527122114,11.536102527122114,11.536102527122114,3.0,11.536102527122114,2,64,2,64,3.125,0.125,47.739336492891034,44.755,2.4679923726505044,0.2139364110927496,2.38076,1.7967925026399083,0.15575386040610634,0.09800000000000003,8259.025341130606,11.733333333333343,645.6647310349388,k4_fixed_summary.csv (uniform reference),2,0.0,0.0,
stage,gpt_pipeline,15,workload_aware,4,1,11.536102527122114,11.536102527122114,11.536102527122114,11.536102527122114,3.0,11.536102527122114,2,64,2,64,3.125,0.125,44.65876777251187,44.1408,3.806483247071651,0.32996267483947594,2.35717,2.769848864836318,0.24010265670959724,0.09800000000000003,8259.025341130606,15.906976744186046,390.94804412876806,stage_workload_aware_summary.csv,2,0.0,0.0,
stage,gpt_pipeline,25,mesh,1,0,0.0,,,,,,0,64,0,64,0.0,0.0,47.80094786729862,45.8875,0.0,,2.42432,0.0,,0.09800000000000003,8259.025341130606,,,not applicable (mesh),,,,
stage,gpt_pipeline,25,fixed,1,1,23.07220505424423,23.07220505424423,23.07220505424423,23.07220505424423,6.0,23.07220505424423,2,64,2,64,3.125,0.125,47.80094786729862,45.8875,0.0,0.0,2.42432,0.0,0.0,0.09800000000000003,8259.025341130606,12.266666666666676,905.510462848261,k1_fixed_selections.csv (uniform reference),,,,
stage,gpt_pipeline,25,workload_aware,1,1,11.536102527122114,11.536102527122114,11.536102527122114,11.536102527122114,3.0,11.536102527122114,2,64,2,64,3.125,0.125,44.65876777251187,44.1408,3.806483247071651,0.32996267483947594,2.35717,2.769848864836318,0.24010265670959724,0.09800000000000003,8259.025341130606,15.906976744186046,390.94804412876806,stage_workload_aware_summary.csv,,,,
stage,gpt_pipeline,25,mesh,2,0,0.0,,,,,,0,64,0,64,0.0,0.0,47.80094786729862,45.8875,0.0,,2.42432,0.0,,0.09800000000000003,8259.025341130606,,,not applicable (mesh),1,0.0,0.0,
stage,gpt_pipeline,25,fixed,2,1,23.07220505424423,23.07220505424423,23.07220505424423,23.07220505424423,6.0,23.07220505424423,2,64,2,64,3.125,0.125,47.80094786729862,45.8875,0.0,0.0,2.42432,0.0,0.0,0.09800000000000003,8259.025341130606,12.266666666666676,905.510462848261,k2_fixed_summary.csv (uniform reference),1,0.0,0.0,
stage,gpt_pipeline,25,workload_aware,2,2,23.07220505424423,11.536102527122114,11.536102527122114,11.536102527122114,6.0,23.07220505424423,4,64,4,64,6.25,0.25,41.51658767772514,42.5739,7.221138654317627,0.31297999637833784,2.29691,5.255494324181618,0.22778465741898596,0.11599999999999999,8259.025341130606,15.906976744186046,533.0978063323594,stage_workload_aware_summary.csv,1,11.536102527122114,3.549777076989989,0.3077102573112744
stage,gpt_pipeline,25,mesh,4,0,0.0,,,,,,0,64,0,64,0.0,0.0,47.80094786729862,45.8875,0.0,,2.42432,0.0,,0.09800000000000003,8259.025341130606,,,not applicable (mesh),2,0.0,0.0,
stage,gpt_pipeline,25,fixed,4,1,23.07220505424423,23.07220505424423,23.07220505424423,23.07220505424423,6.0,23.07220505424423,2,64,2,64,3.125,0.125,47.80094786729862,45.8875,0.0,0.0,2.42432,0.0,0.0,0.09800000000000003,8259.025341130606,12.266666666666676,905.510462848261,k4_fixed_summary.csv (uniform reference),2,0.0,0.0,
stage,gpt_pipeline,25,workload_aware,4,2,23.07220505424423,11.536102527122114,11.536102527122114,11.536102527122114,6.0,23.07220505424423,4,64,4,64,6.25,0.25,41.51658767772514,42.5739,7.221138654317627,0.31297999637833784,2.29691,5.255494324181618,0.22778465741898596,0.11599999999999999,8259.025341130606,15.906976744186046,533.0978063323594,stage_workload_aware_summary.csv,2,0.0,0.0,
stage,gpt_pipeline,45,mesh,1,0,0.0,,,,,,0,64,0,64,0.0,0.0,47.80094786729862,45.8875,0.0,,2.42432,0.0,,0.09800000000000003,8259.025341130606,,,not applicable (mesh),,,,
stage,gpt_pipeline,45,fixed,1,1,23.07220505424423,23.07220505424423,23.07220505424423,23.07220505424423,6.0,23.07220505424423,2,64,2,64,3.125,0.125,47.80094786729862,45.8875,0.0,0.0,2.42432,0.0,0.0,0.09800000000000003,8259.025341130606,12.266666666666676,905.510462848261,k1_fixed_selections.csv (uniform reference),,,,
stage,gpt_pipeline,45,workload_aware,1,1,11.536102527122114,11.536102527122114,11.536102527122114,11.536102527122114,3.0,11.536102527122114,2,64,2,64,3.125,0.125,44.65876777251187,44.1408,3.806483247071651,0.32996267483947594,2.35717,2.769848864836318,0.24010265670959724,0.09800000000000003,8259.025341130606,15.906976744186046,390.94804412876806,stage_workload_aware_summary.csv,,,,
stage,gpt_pipeline,45,mesh,2,0,0.0,,,,,,0,64,0,64,0.0,0.0,47.80094786729862,45.8875,0.0,,2.42432,0.0,,0.09800000000000003,8259.025341130606,,,not applicable (mesh),1,0.0,0.0,
stage,gpt_pipeline,45,fixed,2,2,43.74718960306404,21.87359480153202,20.674984548819808,23.07220505424423,12.0,43.74718960306404,4,64,4,64,6.25,0.25,47.81279620853084,46.0846,-0.4295287387632774,-0.009818430456003358,2.42432,0.0,0.0,0.09700000000000003,8259.025341130606,11.20000000000001,1112.7347493473108,k2_fixed_summary.csv (uniform reference),1,20.674984548819808,-0.4295287387632774,-0.020775287050349756
stage,gpt_pipeline,45,workload_aware,2,2,23.07220505424423,11.536102527122114,11.536102527122114,11.536102527122114,6.0,23.07220505424423,4,64,4,64,6.25,0.25,41.51658767772514,42.5739,7.221138654317627,0.31297999637833784,2.29691,5.255494324181618,0.22778465741898596,0.11599999999999999,8259.025341130606,15.906976744186046,533.0978063323594,stage_workload_aware_summary.csv,1,11.536102527122114,3.549777076989989,0.3077102573112744
stage,gpt_pipeline,45,mesh,4,0,0.0,,,,,,0,64,0,64,0.0,0.0,47.80094786729862,45.8875,0.0,,2.42432,0.0,,0.09800000000000003,8259.025341130606,,,not applicable (mesh),2,0.0,0.0,
stage,gpt_pipeline,45,fixed,4,2,43.74718960306404,21.87359480153202,20.674984548819808,23.07220505424423,12.0,43.74718960306404,4,64,4,64,6.25,0.25,47.81279620853084,46.0846,-0.4295287387632774,-0.009818430456003358,2.42432,0.0,0.0,0.09700000000000003,8259.025341130606,11.20000000000001,1112.7347493473108,k4_fixed_summary.csv (uniform reference),2,0.0,0.0,
stage,gpt_pipeline,45,workload_aware,4,4,39.40274859221519,9.850687148053797,4.794441010848843,11.536102527122116,11.0,39.40274859221519,8,64,8,64,12.5,0.5,38.374407582938396,40.8181,11.047453010079,0.28037264923852667,2.2294,8.040192713833148,0.20405157003239238,0.11599999999999999,8259.025341130606,15.906976744186046,675.2475685359508,stage_workload_aware_summary.csv,2,16.33054353797096,4.12412299554422,0.252540461127642
stage,moe_expert,5,mesh,1,0,0.0,,,,,,0,64,0,64,0.0,0.0,47.784154993632924,47.8076,0.0,,2.49292,0.0,,0.09800000000000003,16111.628517994799,,,not applicable (mesh),,,,
stage,moe_expert,5,fixed,1,1,4.794441010848843,4.794441010848843,4.794441010848843,4.794441010848843,2.0,4.794441010848843,2,64,2,64,3.125,0.125,47.784154993632924,47.8076,0.0,0.0,2.49292,0.0,0.0,0.09800000000000003,16111.628517994799,11.20000000000001,473.0781962183431,k1_fixed_selections.csv (uniform reference),,,,
stage,moe_expert,5,workload_aware,1,1,4.794441010848843,4.794441010848843,4.794441010848843,4.794441010848843,2.0,4.794441010848843,2,64,2,64,3.125,0.125,47.784154993632924,47.8076,0.0,0.0,2.49292,0.0,0.0,0.09800000000000003,16111.628517994799,15.748810200844083,480.334316626474,stage_workload_aware_summary.csv,,,,
stage,moe_expert,5,mesh,2,0,0.0,,,,,,0,64,0,64,0.0,0.0,47.784154993632924,47.8076,0.0,,2.49292,0.0,,0.09800000000000003,16111.628517994799,,,not applicable (mesh),1,0.0,0.0,
stage,moe_expert,5,fixed,2,1,4.794441010848843,4.794441010848843,4.794441010848843,4.794441010848843,2.0,4.794441010848843,2,64,2,64,3.125,0.125,47.784154993632924,47.8076,0.0,0.0,2.49292,0.0,0.0,0.09800000000000003,16111.628517994799,11.20000000000001,473.0781962183431,k2_fixed_summary.csv (uniform reference),1,0.0,0.0,
stage,moe_expert,5,workload_aware,2,1,4.794441010848843,4.794441010848843,4.794441010848843,4.794441010848843,2.0,4.794441010848843,2,64,2,64,3.125,0.125,47.784154993632924,47.8076,0.0,0.0,2.49292,0.0,0.0,0.09800000000000003,16111.628517994799,15.748810200844083,480.334316626474,stage_workload_aware_summary.csv,1,0.0,0.0,
stage,moe_expert,5,mesh,4,0,0.0,,,,,,0,64,0,64,0.0,0.0,47.784154993632924,47.8076,0.0,,2.49292,0.0,,0.09800000000000003,16111.628517994799,,,not applicable (mesh),2,0.0,0.0,
stage,moe_expert,5,fixed,4,1,4.794441010848843,4.794441010848843,4.794441010848843,4.794441010848843,2.0,4.794441010848843,2,64,2,64,3.125,0.125,47.784154993632924,47.8076,0.0,0.0,2.49292,0.0,0.0,0.09800000000000003,16111.628517994799,11.20000000000001,473.0781962183431,k4_fixed_summary.csv (uniform reference),2,0.0,0.0,
stage,moe_expert,5,workload_aware,4,1,4.794441010848843,4.794441010848843,4.794441010848843,4.794441010848843,2.0,4.794441010848843,2,64,2,64,3.125,0.125,47.784154993632924,47.8076,0.0,0.0,2.49292,0.0,0.0,0.09800000000000003,16111.628517994799,15.748810200844083,480.334316626474,stage_workload_aware_summary.csv,2,0.0,0.0,
stage,moe_expert,15,mesh,1,0,0.0,,,,,,0,64,0,64,0.0,0.0,47.784154993632924,47.8076,0.0,,2.49292,0.0,,0.09800000000000003,16111.628517994799,,,not applicable (mesh),,,,
stage,moe_expert,15,fixed,1,1,11.536102527122114,11.536102527122114,11.536102527122114,11.536102527122114,3.0,11.536102527122114,2,64,2,64,3.125,0.125,46.189800497240945,46.2505,3.257013529229659,0.28233222802694513,2.43303,2.402403607015058,0.20825088901271926,0.09800000000000003,16111.628517994799,11.733333333333343,645.6647310349388,k1_fixed_selections.csv (uniform reference),,,,
stage,moe_expert,15,workload_aware,1,1,11.536102527122114,11.536102527122114,11.536102527122114,11.536102527122114,3.0,11.536102527122114,2,64,2,64,3.125,0.125,46.189800497240945,46.061,3.6533940210343143,0.31669222880474157,2.42577,2.693628355502777,0.2334955284221759,0.09800000000000003,16111.628517994799,15.748810200844083,619.6405980343036,stage_workload_aware_summary.csv,,,,
stage,moe_expert,15,mesh,2,0,0.0,,,,,,0,64,0,64,0.0,0.0,47.784154993632924,47.8076,0.0,,2.49292,0.0,,0.09800000000000003,16111.628517994799,,,not applicable (mesh),1,0.0,0.0,
stage,moe_expert,15,fixed,2,1,11.536102527122114,11.536102527122114,11.536102527122114,11.536102527122114,3.0,11.536102527122114,2,64,2,64,3.125,0.125,46.189800497240945,46.2505,3.257013529229659,0.28233222802694513,2.43303,2.402403607015058,0.20825088901271926,0.09800000000000003,16111.628517994799,11.733333333333343,645.6647310349388,k2_fixed_summary.csv (uniform reference),1,0.0,0.0,
stage,moe_expert,15,workload_aware,2,1,11.536102527122114,11.536102527122114,11.536102527122114,11.536102527122114,3.0,11.536102527122114,2,64,2,64,3.125,0.125,46.189800497240945,46.061,3.6533940210343143,0.31669222880474157,2.42577,2.693628355502777,0.2334955284221759,0.09800000000000003,16111.628517994799,15.748810200844083,619.6405980343036,stage_workload_aware_summary.csv,1,0.0,0.0,
stage,moe_expert,15,mesh,4,0,0.0,,,,,,0,64,0,64,0.0,0.0,47.784154993632924,47.8076,0.0,,2.49292,0.0,,0.09800000000000003,16111.628517994799,,,not applicable (mesh),2,0.0,0.0,
stage,moe_expert,15,fixed,4,1,11.536102527122114,11.536102527122114,11.536102527122114,11.536102527122114,3.0,11.536102527122114,2,64,2,64,3.125,0.125,46.189800497240945,46.2505,3.257013529229659,0.28233222802694513,2.43303,2.402403607015058,0.20825088901271926,0.09800000000000003,16111.628517994799,11.733333333333343,645.6647310349388,k4_fixed_summary.csv (uniform reference),2,0.0,0.0,
stage,moe_expert,15,workload_aware,4,1,11.536102527122114,11.536102527122114,11.536102527122114,11.536102527122114,3.0,11.536102527122114,2,64,2,64,3.125,0.125,46.189800497240945,46.061,3.6533940210343143,0.31669222880474157,2.42577,2.693628355502777,0.2334955284221759,0.09800000000000003,16111.628517994799,15.748810200844083,619.6405980343036,stage_workload_aware_summary.csv,2,0.0,0.0,
stage,moe_expert,25,mesh,1,0,0.0,,,,,,0,64,0,64,0.0,0.0,47.784154993632924,47.8076,0.0,,2.49292,0.0,,0.09800000000000003,16111.628517994799,,,not applicable (mesh),,,,
stage,moe_expert,25,fixed,1,1,23.07220505424423,23.07220505424423,23.07220505424423,23.07220505424423,6.0,23.07220505424423,2,64,2,64,3.125,0.125,47.77705073979751,47.7826,0.05229294087132293,0.00226649081647718,2.49183,0.04372382587486126,0.0018950865672381011,0.09800000000000003,16111.628517994799,12.266666666666676,905.510462848261,k1_fixed_selections.csv (uniform reference),,,,
stage,moe_expert,25,workload_aware,1,1,11.536102527122114,11.536102527122114,11.536102527122114,11.536102527122114,3.0,11.536102527122114,2,64,2,64,3.125,0.125,46.189800497240945,46.061,3.6533940210343143,0.31669222880474157,2.42577,2.693628355502777,0.2334955284221759,0.09800000000000003,16111.628517994799,15.748810200844083,619.6405980343036,stage_workload_aware_summary.csv,,,,
stage,moe_expert,25,mesh,2,0,0.0,,,,,,0,64,0,64,0.0,0.0,47.784154993632924,47.8076,0.0,,2.49292,0.0,,0.09800000000000003,16111.628517994799,,,not applicable (mesh),1,0.0,0.0,
stage,moe_expert,25,fixed,2,1,23.07220505424423,23.07220505424423,23.07220505424423,23.07220505424423,6.0,23.07220505424423,2,64,2,64,3.125,0.125,47.77705073979751,47.7826,0.05229294087132293,0.00226649081647718,2.49183,0.04372382587486126,0.0018950865672381011,0.09800000000000003,16111.628517994799,12.266666666666676,905.510462848261,k2_fixed_summary.csv (uniform reference),1,0.0,0.0,
stage,moe_expert,25,workload_aware,2,2,23.07220505424423,11.536102527122114,11.536102527122114,11.536102527122114,6.0,23.07220505424423,4,64,4,64,6.25,0.25,44.595446000848966,44.5034,6.911453409081405,0.2995575582321731,2.36588,5.096031962517835,0.22087320871744762,0.09800000000000003,16111.628517994799,15.748810200844083,758.9468794421339,stage_workload_aware_summary.csv,1,11.536102527122114,3.381602657345695,0.2931321604844731
stage,moe_expert,25,mesh,4,0,0.0,,,,,,0,64,0,64,0.0,0.0,47.784154993632924,47.8076,0.0,,2.49292,0.0,,0.09800000000000003,16111.628517994799,,,not applicable (mesh),2,0.0,0.0,
stage,moe_expert,25,fixed,4,1,23.07220505424423,23.07220505424423,23.07220505424423,23.07220505424423,6.0,23.07220505424423,2,64,2,64,3.125,0.125,47.77705073979751,47.7826,0.05229294087132293,0.00226649081647718,2.49183,0.04372382587486126,0.0018950865672381011,0.09800000000000003,16111.628517994799,12.266666666666676,905.510462848261,k4_fixed_summary.csv (uniform reference),2,0.0,0.0,
stage,moe_expert,25,workload_aware,4,2,23.07220505424423,11.536102527122114,11.536102527122114,11.536102527122114,6.0,23.07220505424423,4,64,4,64,6.25,0.25,44.595446000848966,44.5034,6.911453409081405,0.2995575582321731,2.36588,5.096031962517835,0.22087320871744762,0.09800000000000003,16111.628517994799,15.748810200844083,758.9468794421339,stage_workload_aware_summary.csv,2,0.0,0.0,
stage,moe_expert,45,mesh,1,0,0.0,,,,,,0,64,0,64,0.0,0.0,47.784154993632924,47.8076,0.0,,2.49292,0.0,,0.09800000000000003,16111.628517994799,,,not applicable (mesh),,,,
stage,moe_expert,45,fixed,1,1,23.07220505424423,23.07220505424423,23.07220505424423,23.07220505424423,6.0,23.07220505424423,2,64,2,64,3.125,0.125,47.77705073979751,47.7826,0.05229294087132293,0.00226649081647718,2.49183,0.04372382587486126,0.0018950865672381011,0.09800000000000003,16111.628517994799,12.266666666666676,905.510462848261,k1_fixed_selections.csv (uniform reference),,,,
stage,moe_expert,45,workload_aware,1,1,11.536102527122114,11.536102527122114,11.536102527122114,11.536102527122114,3.0,11.536102527122114,2,64,2,64,3.125,0.125,46.189800497240945,46.061,3.6533940210343143,0.31669222880474157,2.42577,2.693628355502777,0.2334955284221759,0.09800000000000003,16111.628517994799,15.748810200844083,619.6405980343036,stage_workload_aware_summary.csv,,,,
stage,moe_expert,45,mesh,2,0,0.0,,,,,,0,64,0,64,0.0,0.0,47.784154993632924,47.8076,0.0,,2.49292,0.0,,0.09800000000000003,16111.628517994799,,,not applicable (mesh),1,0.0,0.0,
stage,moe_expert,45,fixed,2,2,43.74718960306404,21.87359480153202,20.674984548819808,23.07220505424423,12.0,43.74718960306404,4,64,4,64,6.25,0.25,48.083657373719035,48.0566,-0.5208376910784108,-0.0119056262997505,2.49183,0.04372382587486126,0.0009994659376198845,0.08500000000000002,10798.496835797776,11.20000000000001,1112.7347493473108,k2_fixed_summary.csv (uniform reference),1,20.674984548819808,-0.5734304956197463,-0.027735473962058152
stage,moe_expert,45,workload_aware,2,2,23.07220505424423,11.536102527122114,11.536102527122114,11.536102527122114,6.0,23.07220505424423,4,64,4,64,6.25,0.25,44.595446000848966,44.5034,6.911453409081405,0.2995575582321731,2.36588,5.096031962517835,0.22087320871744762,0.09800000000000003,16111.628517994799,15.748810200844083,758.9468794421339,stage_workload_aware_summary.csv,1,11.536102527122114,3.381602657345695,0.2931321604844731
stage,moe_expert,45,mesh,4,0,0.0,,,,,,0,64,0,64,0.0,0.0,47.784154993632924,47.8076,0.0,,2.49292,0.0,,0.09800000000000003,16111.628517994799,,,not applicable (mesh),2,0.0,0.0,
stage,moe_expert,45,fixed,4,2,43.74718960306404,21.87359480153202,20.674984548819808,23.07220505424423,12.0,43.74718960306404,4,64,4,64,6.25,0.25,48.083657373719035,48.0566,-0.5208376910784108,-0.0119056262997505,2.49183,0.04372382587486126,0.0009994659376198845,0.08500000000000002,10798.496835797776,11.20000000000001,1112.7347493473108,k4_fixed_summary.csv (uniform reference),2,0.0,0.0,
stage,moe_expert,45,workload_aware,4,4,39.40274859221519,9.850687148053797,4.794441010848843,11.536102527122116,11.0,39.40274859221519,8,64,8,64,12.5,0.5,43.001091504456994,42.776,10.52468645152653,0.2671053880136143,2.29946,7.760377388764982,0.19695015363213017,0.09800000000000003,16111.628517994799,15.748810200844083,898.2531608499642,stage_workload_aware_summary.csv,2,16.33054353797096,3.881501188673216,0.23768352716785843
