workload,budget_mm,requested_k,mesh_latency,mesh_hops,mesh_knee_load,fixed_actual_k,fixed_total_wire_mm,fixed_latency,fixed_hops,fixed_knee_load,fixed_gain_vs_mesh_percent,aware_actual_k,aware_total_wire_mm,aware_latency,aware_hops,aware_knee_load,aware_gain_vs_mesh_percent,aware_gain_vs_fixed_percent,aware_hop_gain_vs_fixed_percent
gpt_fsdp,5,1,58.0929,2.86025,0.064,1,4.794441010848843,56.4486,2.79927,0.064,2.8304663736876643,1,4.794441010848848,56.4465,2.79927,0.125,2.834081273270916,0.0037201985523089296,0.0
gpt_fsdp,5,2,58.0929,2.86025,0.064,1,4.794441010848843,56.4486,2.79927,0.064,2.8304663736876643,1,4.794441010848848,56.4465,2.79927,0.125,2.834081273270916,0.0037201985523089296,0.0
gpt_fsdp,5,4,58.0929,2.86025,0.064,1,4.794441010848843,56.4486,2.79927,0.064,2.8304663736876643,1,4.794441010848848,56.4465,2.79927,0.125,2.834081273270916,0.0037201985523089296,0.0
gpt_fsdp,15,1,58.0929,2.86025,0.064,1,11.536102527122114,53.2918,2.6755,0.04300000000000001,8.264521137694965,1,13.933323032546538,54.861,2.73829,0.125,5.563330458627479,-2.944543062910232,-2.3468510558774107
gpt_fsdp,15,2,58.0929,2.86025,0.064,1,11.536102527122114,53.2918,2.6755,0.04300000000000001,8.264521137694965,1,13.933323032546538,54.861,2.73829,0.125,5.563330458627479,-2.944543062910232,-2.3468510558774107
gpt_fsdp,15,4,58.0929,2.86025,0.064,1,11.536102527122114,53.2918,2.6755,0.04300000000000001,8.264521137694965,1,13.933323032546538,54.861,2.73829,0.125,5.563330458627479,-2.944543062910232,-2.3468510558774107
gpt_fsdp,25,1,58.0929,2.86025,0.064,1,23.07220505424423,53.2755,2.67731,0.064,8.29257964398403,1,20.674984548819808,51.8555,2.61561,0.064,10.736940314565121,2.6653902825876843,2.304551957001604
gpt_fsdp,25,2,58.0929,2.86025,0.064,1,23.07220505424423,53.2755,2.67731,0.064,8.29257964398403,1,20.674984548819808,51.8555,2.61561,0.064,10.736940314565121,2.6653902825876843,2.304551957001604
gpt_fsdp,25,4,58.0929,2.86025,0.064,1,23.07220505424423,53.2755,2.67731,0.064,8.29257964398403,1,20.674984548819808,51.8555,2.61561,0.064,10.736940314565121,2.6653902825876843,2.304551957001604
gpt_fsdp,45,1,58.0929,2.86025,0.064,1,23.07220505424423,53.2755,2.67731,0.064,8.29257964398403,1,41.349969097639615,50.1655,2.55535,0.12,13.646073788707396,5.837580125949075,4.555318584698823
gpt_fsdp,45,2,58.0929,2.86025,0.064,2,43.74718960306404,47.0185,2.43194,0.063,19.06325902132618,1,41.349969097639615,50.1655,2.55535,0.12,13.646073788707396,-6.693110158767289,-5.0745495365839535
gpt_fsdp,45,4,58.0929,2.86025,0.064,2,43.74718960306404,47.0185,2.43194,0.063,19.06325902132618,1,41.349969097639615,50.1655,2.55535,0.12,13.646073788707396,-6.693110158767289,-5.0745495365839535
gpt_pipeline,5,1,45.8875,2.42432,0.09800000000000003,1,4.794441010848843,45.8875,2.42432,0.09800000000000003,0.0,1,4.794441010848843,45.8875,2.42432,0.09800000000000003,0.0,0.0,0.0
gpt_pipeline,5,2,45.8875,2.42432,0.09800000000000003,1,4.794441010848843,45.8875,2.42432,0.09800000000000003,0.0,1,4.794441010848843,45.8875,2.42432,0.09800000000000003,0.0,0.0,0.0
gpt_pipeline,5,4,45.8875,2.42432,0.09800000000000003,1,4.794441010848843,45.8875,2.42432,0.09800000000000003,0.0,1,4.794441010848843,45.8875,2.42432,0.09800000000000003,0.0,0.0,0.0
gpt_pipeline,15,1,45.8875,2.42432,0.09800000000000003,1,11.536102527122114,44.755,2.38076,0.09800000000000003,2.4679923726505044,1,11.536102527122114,44.1408,2.35717,0.09800000000000003,3.806483247071651,1.3723606300972044,0.9908600614929687
gpt_pipeline,15,2,45.8875,2.42432,0.09800000000000003,1,11.536102527122114,44.755,2.38076,0.09800000000000003,2.4679923726505044,1,11.536102527122114,44.1408,2.35717,0.09800000000000003,3.806483247071651,1.3723606300972044,0.9908600614929687
gpt_pipeline,15,4,45.8875,2.42432,0.09800000000000003,1,11.536102527122114,44.755,2.38076,0.09800000000000003,2.4679923726505044,1,11.536102527122114,44.1408,2.35717,0.09800000000000003,3.806483247071651,1.3723606300972044,0.9908600614929687
gpt_pipeline,25,1,45.8875,2.42432,0.09800000000000003,1,23.07220505424423,45.8875,2.42432,0.09800000000000003,0.0,1,11.536102527122114,44.1408,2.35717,0.09800000000000003,3.806483247071651,3.806483247071651,2.769848864836318
gpt_pipeline,25,2,45.8875,2.42432,0.09800000000000003,1,23.07220505424423,45.8875,2.42432,0.09800000000000003,0.0,2,23.07220505424423,42.5739,2.29691,0.11599999999999999,7.221138654317627,7.221138654317627,5.255494324181618
gpt_pipeline,25,4,45.8875,2.42432,0.09800000000000003,1,23.07220505424423,45.8875,2.42432,0.09800000000000003,0.0,2,23.07220505424423,42.5739,2.29691,0.11599999999999999,7.221138654317627,7.221138654317627,5.255494324181618
gpt_pipeline,45,1,45.8875,2.42432,0.09800000000000003,1,23.07220505424423,45.8875,2.42432,0.09800000000000003,0.0,1,11.536102527122114,44.1408,2.35717,0.09800000000000003,3.806483247071651,3.806483247071651,2.769848864836318
gpt_pipeline,45,2,45.8875,2.42432,0.09800000000000003,2,43.74718960306404,46.0846,2.42432,0.09700000000000003,-0.4295287387632774,2,23.07220505424423,42.5739,2.29691,0.11599999999999999,7.221138654317627,7.617946125169796,5.255494324181618
gpt_pipeline,45,4,45.8875,2.42432,0.09800000000000003,2,43.74718960306404,46.0846,2.42432,0.09700000000000003,-0.4295287387632774,4,39.40274859221519,40.8181,2.2294,0.11599999999999999,11.047453010079,11.42789565277772,8.040192713833148
moe_expert,5,1,47.8076,2.49292,0.09800000000000003,1,4.794441010848843,47.8076,2.49292,0.09800000000000003,0.0,1,4.794441010848843,47.8076,2.49292,0.09800000000000003,0.0,0.0,0.0
moe_expert,5,2,47.8076,2.49292,0.09800000000000003,1,4.794441010848843,47.8076,2.49292,0.09800000000000003,0.0,1,4.794441010848843,47.8076,2.49292,0.09800000000000003,0.0,0.0,0.0
moe_expert,5,4,47.8076,2.49292,0.09800000000000003,1,4.794441010848843,47.8076,2.49292,0.09800000000000003,0.0,1,4.794441010848843,47.8076,2.49292,0.09800000000000003,0.0,0.0,0.0
moe_expert,15,1,47.8076,2.49292,0.09800000000000003,1,11.536102527122114,46.2505,2.43303,0.09800000000000003,3.257013529229659,1,11.536102527122114,46.061,2.42577,0.09800000000000003,3.6533940210343143,0.4097253002670294,0.2983933613642267
moe_expert,15,2,47.8076,2.49292,0.09800000000000003,1,11.536102527122114,46.2505,2.43303,0.09800000000000003,3.257013529229659,1,11.536102527122114,46.061,2.42577,0.09800000000000003,3.6533940210343143,0.4097253002670294,0.2983933613642267
moe_expert,15,4,47.8076,2.49292,0.09800000000000003,1,11.536102527122114,46.2505,2.43303,0.09800000000000003,3.257013529229659,1,11.536102527122114,46.061,2.42577,0.09800000000000003,3.6533940210343143,0.4097253002670294,0.2983933613642267
moe_expert,25,1,47.8076,2.49292,0.09800000000000003,1,23.07220505424423,47.7826,2.49183,0.09800000000000003,0.05229294087132293,1,11.536102527122114,46.061,2.42577,0.09800000000000003,3.6533940210343143,3.6029851870764715,2.6510636760934823
moe_expert,25,2,47.8076,2.49292,0.09800000000000003,1,23.07220505424423,47.7826,2.49183,0.09800000000000003,0.05229294087132293,2,23.07220505424423,44.5034,2.36588,0.09800000000000003,6.911453409081405,6.862749201592218,5.054518165364411
moe_expert,25,4,47.8076,2.49292,0.09800000000000003,1,23.07220505424423,47.7826,2.49183,0.09800000000000003,0.05229294087132293,2,23.07220505424423,44.5034,2.36588,0.09800000000000003,6.911453409081405,6.862749201592218,5.054518165364411
moe_expert,45,1,47.8076,2.49292,0.09800000000000003,1,23.07220505424423,47.7826,2.49183,0.09800000000000003,0.05229294087132293,1,11.536102527122114,46.061,2.42577,0.09800000000000003,3.6533940210343143,3.6029851870764715,2.6510636760934823
moe_expert,45,2,47.8076,2.49292,0.09800000000000003,2,43.74718960306404,48.0566,2.49183,0.08500000000000002,-0.5208376910784108,2,23.07220505424423,44.5034,2.36588,0.09800000000000003,6.911453409081405,7.3937814993153985,5.054518165364411
moe_expert,45,4,47.8076,2.49292,0.09800000000000003,2,43.74718960306404,48.0566,2.49183,0.08500000000000002,-0.5208376910784108,4,39.40274859221519,42.776,2.29946,0.09800000000000003,10.52468645152653,10.988292971204785,7.720029054951596
