workload,budget_mm,requested_k,actual_k,link_1,link_1_phy_pair,link_1_length_mm,link_2,link_2_phy_pair,link_2_length_mm,link_3,link_3_phy_pair,link_3_length_mm,link_4,link_4_phy_pair,link_4_length_mm,total_wire_length_mm,baseline_avg_latency,final_avg_latency,latency_gain_vs_baseline_percent,baseline_max_link_load,final_max_link_load,baseline_throughput,analytical_throughput,total_routed_traffic,traffic_wire_cost
gpt_pipeline,5.0,1,1,5<->10,4<->0,4.794441010848843,none,,,none,,,none,,,4.794441010848843,47.80094786729862,47.80094786729862,0.0,15.906976744186046,15.906976744186046,8259.025341130606,8259.025341130606,195.34883720930208,248.79828192517604
gpt_pipeline,5.0,2,1,5<->10,4<->0,4.794441010848843,none,,,none,,,none,,,4.794441010848843,47.80094786729862,47.80094786729862,0.0,15.906976744186046,15.906976744186046,8259.025341130606,8259.025341130606,195.34883720930208,248.79828192517604
gpt_pipeline,5.0,4,1,5<->10,4<->0,4.794441010848843,none,,,none,,,none,,,4.794441010848843,47.80094786729862,47.80094786729862,0.0,15.906976744186046,15.906976744186046,8259.025341130606,8259.025341130606,195.34883720930208,248.79828192517604
gpt_pipeline,15.0,1,1,1<->3,4<->2,11.536102527122114,none,,,none,,,none,,,11.536102527122114,47.80094786729862,44.65876777251187,6.5734681737061536,15.906976744186046,15.906976744186046,8259.025341130606,8259.025341130606,179.53488372093,390.94804412876806
gpt_pipeline,15.0,2,1,1<->3,4<->2,11.536102527122114,none,,,none,,,none,,,11.536102527122114,47.80094786729862,44.65876777251187,6.5734681737061536,15.906976744186046,15.906976744186046,8259.025341130606,8259.025341130606,179.53488372093,390.94804412876806
gpt_pipeline,15.0,4,1,1<->3,4<->2,11.536102527122114,none,,,none,,,none,,,11.536102527122114,47.80094786729862,44.65876777251187,6.5734681737061536,15.906976744186046,15.906976744186046,8259.025341130606,8259.025341130606,179.53488372093,390.94804412876806
gpt_pipeline,25.0,1,1,1<->3,4<->2,11.536102527122114,none,,,none,,,none,,,11.536102527122114,47.80094786729862,44.65876777251187,6.5734681737061536,15.906976744186046,15.906976744186046,8259.025341130606,8259.025341130606,179.53488372093,390.94804412876806
gpt_pipeline,25.0,2,2,1<->3,4<->2,11.536102527122114,13<->15,4<->2,11.536102527122114,none,,,none,,,23.07220505424423,47.80094786729862,41.51658767772514,13.146936347412279,15.906976744186046,15.906976744186046,8259.025341130606,8259.025341130606,163.72093023255792,533.0978063323594
gpt_pipeline,25.0,4,2,1<->3,4<->2,11.536102527122114,13<->15,4<->2,11.536102527122114,none,,,none,,,23.07220505424423,47.80094786729862,41.51658767772514,13.146936347412279,15.906976744186046,15.906976744186046,8259.025341130606,8259.025341130606,163.72093023255792,533.0978063323594
gpt_pipeline,45.0,1,1,1<->3,4<->2,11.536102527122114,none,,,none,,,none,,,11.536102527122114,47.80094786729862,44.65876777251187,6.5734681737061536,15.906976744186046,15.906976744186046,8259.025341130606,8259.025341130606,179.53488372093,390.94804412876806
gpt_pipeline,45.0,2,2,1<->3,4<->2,11.536102527122114,13<->15,4<->2,11.536102527122114,none,,,none,,,23.07220505424423,47.80094786729862,41.51658767772514,13.146936347412279,15.906976744186046,15.906976744186046,8259.025341130606,8259.025341130606,163.72093023255792,533.0978063323594
gpt_pipeline,45.0,4,4,1<->3,4<->2,11.536102527122114,13<->15,4<->2,11.536102527122114,12<->14,4<->2,11.536102527122116,5<->10,4<->0,4.794441010848843,39.40274859221519,47.80094786729862,38.374407582938396,19.720404521118432,15.906976744186046,15.906976744186046,8259.025341130606,8259.025341130606,147.90697674418584,675.2475685359508
gpt_fsdp,5.0,1,1,8<->13,4<->0,4.794441010848848,none,,,none,,,none,,,4.794441010848848,58.5,56.8125,2.8846153846153846,16.0,8.0,8032.0,16064.0,232.0,323.64422469432617
gpt_fsdp,5.0,2,1,8<->13,4<->0,4.794441010848848,none,,,none,,,none,,,4.794441010848848,58.5,56.8125,2.8846153846153846,16.0,8.0,8032.0,16064.0,232.0,323.64422469432617
gpt_fsdp,5.0,4,1,8<->13,4<->0,4.794441010848848,none,,,none,,,none,,,4.794441010848848,58.5,56.8125,2.8846153846153846,16.0,8.0,8032.0,16064.0,232.0,323.64422469432617
gpt_fsdp,15.0,1,1,4<->13,4<->0,13.933323032546538,none,,,none,,,none,,,13.933323032546538,58.5,55.1875,5.662393162393163,16.0,8.0,8032.0,16064.0,224.0,386.56639884621
gpt_fsdp,15.0,2,1,4<->13,4<->0,13.933323032546538,none,,,none,,,none,,,13.933323032546538,58.5,55.1875,5.662393162393163,16.0,8.0,8032.0,16064.0,224.0,386.56639884621
gpt_fsdp,15.0,4,1,4<->13,4<->0,13.933323032546538,none,,,none,,,none,,,13.933323032546538,58.5,55.1875,5.662393162393163,16.0,8.0,8032.0,16064.0,224.0,386.56639884621
gpt_fsdp,25.0,1,1,12<->15,4<->2,20.674984548819808,none,,,none,,,none,,,20.674984548819808,58.5,52.125,10.897435897435898,16.0,16.0,8032.0,8032.0,208.0,575.3329213018617
gpt_fsdp,25.0,2,1,12<->15,4<->2,20.674984548819808,none,,,none,,,none,,,20.674984548819808,58.5,52.125,10.897435897435898,16.0,16.0,8032.0,8032.0,208.0,575.3329213018617
gpt_fsdp,25.0,4,1,12<->15,4<->2,20.674984548819808,none,,,none,,,none,,,20.674984548819808,58.5,52.125,10.897435897435898,16.0,16.0,8032.0,8032.0,208.0,575.3329213018617
gpt_fsdp,45.0,1,1,0<->15,4<->0,41.349969097639615,none,,,none,,,none,,,41.349969097639615,58.5,50.375,13.88888888888889,16.0,8.0,8032.0,16064.0,200.0,575.3329213018616
gpt_fsdp,45.0,2,1,0<->15,4<->0,41.349969097639615,none,,,none,,,none,,,41.349969097639615,58.5,50.375,13.88888888888889,16.0,8.0,8032.0,16064.0,200.0,575.3329213018616
gpt_fsdp,45.0,4,1,0<->15,4<->0,41.349969097639615,none,,,none,,,none,,,41.349969097639615,58.5,50.375,13.88888888888889,16.0,8.0,8032.0,16064.0,200.0,575.3329213018616
moe_expert,5.0,1,1,5<->10,4<->0,4.794441010848843,none,,,none,,,none,,,4.794441010848843,47.784154993632924,47.784154993632924,0.0,15.748810200844083,15.748810200844083,16111.628517994799,16111.628517994799,377.1438833847167,480.334316626474
moe_expert,5.0,2,1,5<->10,4<->0,4.794441010848843,none,,,none,,,none,,,4.794441010848843,47.784154993632924,47.784154993632924,0.0,15.748810200844083,15.748810200844083,16111.628517994799,16111.628517994799,377.1438833847167,480.334316626474
moe_expert,5.0,4,1,5<->10,4<->0,4.794441010848843,none,,,none,,,none,,,4.794441010848843,47.784154993632924,47.784154993632924,0.0,15.748810200844083,15.748810200844083,16111.628517994799,16111.628517994799,377.1438833847167,480.334316626474
moe_expert,15.0,1,1,1<->3,4<->2,11.536102527122114,none,,,none,,,none,,,11.536102527122114,47.784154993632924,46.189800497240945,3.336575684145553,15.748810200844083,15.748810200844083,16111.628517994799,16111.628517994799,361.6462629830284,619.6405980343036
moe_expert,15.0,2,1,1<->3,4<->2,11.536102527122114,none,,,none,,,none,,,11.536102527122114,47.784154993632924,46.189800497240945,3.336575684145553,15.748810200844083,15.748810200844083,16111.628517994799,16111.628517994799,361.6462629830284,619.6405980343036
moe_expert,15.0,4,1,1<->3,4<->2,11.536102527122114,none,,,none,,,none,,,11.536102527122114,47.784154993632924,46.189800497240945,3.336575684145553,15.748810200844083,15.748810200844083,16111.628517994799,16111.628517994799,361.6462629830284,619.6405980343036
moe_expert,25.0,1,1,1<->3,4<->2,11.536102527122114,none,,,none,,,none,,,11.536102527122114,47.784154993632924,46.189800497240945,3.336575684145553,15.748810200844083,15.748810200844083,16111.628517994799,16111.628517994799,361.6462629830284,619.6405980343036
moe_expert,25.0,2,2,1<->3,4<->2,11.536102527122114,13<->15,4<->2,11.536102527122114,none,,,none,,,23.07220505424423,47.784154993632924,44.595446000848966,6.673151368291106,15.748810200844083,15.748810200844083,16111.628517994799,16111.628517994799,346.1486425813402,758.9468794421339
moe_expert,25.0,4,2,1<->3,4<->2,11.536102527122114,13<->15,4<->2,11.536102527122114,none,,,none,,,23.07220505424423,47.784154993632924,44.595446000848966,6.673151368291106,15.748810200844083,15.748810200844083,16111.628517994799,16111.628517994799,346.1486425813402,758.9468794421339
moe_expert,45.0,1,1,1<->3,4<->2,11.536102527122114,none,,,none,,,none,,,11.536102527122114,47.784154993632924,46.189800497240945,3.336575684145553,15.748810200844083,15.748810200844083,16111.628517994799,16111.628517994799,361.6462629830284,619.6405980343036
moe_expert,45.0,2,2,1<->3,4<->2,11.536102527122114,13<->15,4<->2,11.536102527122114,none,,,none,,,23.07220505424423,47.784154993632924,44.595446000848966,6.673151368291106,15.748810200844083,15.748810200844083,16111.628517994799,16111.628517994799,346.1486425813402,758.9468794421339
moe_expert,45.0,4,4,1<->3,4<->2,11.536102527122114,13<->15,4<->2,11.536102527122114,12<->14,4<->2,11.536102527122116,5<->10,4<->0,4.794441010848843,39.40274859221519,47.784154993632924,43.001091504456994,10.009727052436643,15.748810200844083,15.748810200844083,16111.628517994799,16111.628517994799,330.651022179652,898.2531608499642
