workload,rank,chiplet,mapping_policy
gpt_fsdp,0,0,one_to_one_rank_i_to_chiplet_i
gpt_fsdp,1,1,one_to_one_rank_i_to_chiplet_i
gpt_fsdp,2,2,one_to_one_rank_i_to_chiplet_i
gpt_fsdp,3,3,one_to_one_rank_i_to_chiplet_i
gpt_fsdp,4,4,one_to_one_rank_i_to_chiplet_i
gpt_fsdp,5,5,one_to_one_rank_i_to_chiplet_i
gpt_fsdp,6,6,one_to_one_rank_i_to_chiplet_i
gpt_fsdp,7,7,one_to_one_rank_i_to_chiplet_i
gpt_fsdp,8,8,one_to_one_rank_i_to_chiplet_i
gpt_fsdp,9,9,one_to_one_rank_i_to_chiplet_i
gpt_fsdp,10,10,one_to_one_rank_i_to_chiplet_i
gpt_fsdp,11,11,one_to_one_rank_i_to_chiplet_i
gpt_fsdp,12,12,one_to_one_rank_i_to_chiplet_i
gpt_fsdp,13,13,one_to_one_rank_i_to_chiplet_i
gpt_fsdp,14,14,one_to_one_rank_i_to_chiplet_i
gpt_fsdp,15,15,one_to_one_rank_i_to_chiplet_i
