workload,communication_type,communication_class,event_count,total_payload_bytes,average_payload_bytes,participant_count,source_rank,destination_rank,representation,timestamp_available
gpt_pipeline,ALL_GATHER,collective,96,393216,4096.000000,2,,,abstract_collective,no
gpt_pipeline,ALL_REDUCE,collective,24,33816576,1409024.000000,2,,,abstract_collective,no
gpt_pipeline,REDUCE_SCATTER,collective,64,524288,8192.000000,2,,,abstract_collective,no
gpt_pipeline,SEND_RECV,point_to_point,2,8192,4096.000000,2,0,4,explicit_pairwise,no
gpt_pipeline,SEND_RECV,point_to_point,2,8192,4096.000000,2,1,5,explicit_pairwise,no
gpt_pipeline,SEND_RECV,point_to_point,2,8192,4096.000000,2,10,14,explicit_pairwise,no
gpt_pipeline,SEND_RECV,point_to_point,2,8192,4096.000000,2,10,6,explicit_pairwise,no
gpt_pipeline,SEND_RECV,point_to_point,2,8192,4096.000000,2,11,15,explicit_pairwise,no
gpt_pipeline,SEND_RECV,point_to_point,2,8192,4096.000000,2,11,7,explicit_pairwise,no
gpt_pipeline,SEND_RECV,point_to_point,2,8192,4096.000000,2,12,8,explicit_pairwise,no
gpt_pipeline,SEND_RECV,point_to_point,2,8192,4096.000000,2,13,9,explicit_pairwise,no
gpt_pipeline,SEND_RECV,point_to_point,2,8192,4096.000000,2,14,10,explicit_pairwise,no
gpt_pipeline,SEND_RECV,point_to_point,2,8192,4096.000000,2,15,11,explicit_pairwise,no
gpt_pipeline,SEND_RECV,point_to_point,2,8192,4096.000000,2,2,6,explicit_pairwise,no
gpt_pipeline,SEND_RECV,point_to_point,2,8192,4096.000000,2,3,7,explicit_pairwise,no
gpt_pipeline,SEND_RECV,point_to_point,2,8192,4096.000000,2,4,0,explicit_pairwise,no
gpt_pipeline,SEND_RECV,point_to_point,2,8192,4096.000000,2,4,8,explicit_pairwise,no
gpt_pipeline,SEND_RECV,point_to_point,2,8192,4096.000000,2,5,1,explicit_pairwise,no
gpt_pipeline,SEND_RECV,point_to_point,2,8192,4096.000000,2,5,9,explicit_pairwise,no
gpt_pipeline,SEND_RECV,point_to_point,2,8192,4096.000000,2,6,10,explicit_pairwise,no
gpt_pipeline,SEND_RECV,point_to_point,2,8192,4096.000000,2,6,2,explicit_pairwise,no
gpt_pipeline,SEND_RECV,point_to_point,2,8192,4096.000000,2,7,11,explicit_pairwise,no
gpt_pipeline,SEND_RECV,point_to_point,2,8192,4096.000000,2,7,3,explicit_pairwise,no
gpt_pipeline,SEND_RECV,point_to_point,2,8192,4096.000000,2,8,12,explicit_pairwise,no
gpt_pipeline,SEND_RECV,point_to_point,2,8192,4096.000000,2,8,4,explicit_pairwise,no
gpt_pipeline,SEND_RECV,point_to_point,2,8192,4096.000000,2,9,13,explicit_pairwise,no
gpt_pipeline,SEND_RECV,point_to_point,2,8192,4096.000000,2,9,5,explicit_pairwise,no
gpt_fsdp,ALL_GATHER,collective,8,65536,8192.000000,16,,,abstract_collective,no
gpt_fsdp,ALL_REDUCE,collective,2,8192000,4096000.000000,16,,,abstract_collective,no
gpt_fsdp,REDUCE_SCATTER,collective,4,524288,131072.000000,16,,,abstract_collective,no
moe_expert,ALL_GATHER,collective,288,442368,1536.000000,2,,,abstract_collective,no
moe_expert,ALL_GATHER,collective,48,33792,704.000000,4,,,abstract_collective,no
moe_expert,ALL_REDUCE,collective,64,133957632,2093088.000000,2,,,abstract_collective,no
moe_expert,ALL_TO_ALL,collective,64,131072,2048.000000,4,,,abstract_collective,no
moe_expert,REDUCE_SCATTER,collective,192,589824,3072.000000,2,,,abstract_collective,no
